#cadence number, black residual [ADU/LC/pixel]
140878, -497.756186
140879, -492.446662
140880, -493.279995
140881, -485.946662
140882, -485.482376
140883, -486.083567
140884, -479.875233
140885, -474.416900
140886, -471.256186
140887, -467.131186
140888, -468.678805
140889, -466.994281
140890, -462.035948
140891, -462.410948
140892, -452.708567
140893, -450.678805
140894, -449.357376
140895, -453.029995
140896, -450.035948
140897, -451.041900
140898, -440.988328
140899, -435.643090
140900, -436.577614
140901, -433.928805
140902, 23.161254
140903, 21.692716
140904, 15.470778
140905, 18.001390
140906, 12.902750
140907, 6.780301
140908, 6.807512
140909, 2.447818
140910, 7.531152
140911, 2.394247
140912, 1.306662
140913, 0.024349
140914, 0.051560
140915, -407.149043
140916, -403.982376
140917, -397.053805
140918, -393.637138
140919, -384.196662
140920, -382.012138
140921, -376.672852
140922, -392.627817
140923, -367.029995
140924, -360.303805
140925, -361.466779
140926, -303.608941
140927, -352.327614
140928, -342.208567
140929, -339.232376
140930, -331.972625
140931, -328.951868
140932, -48.374245
140933, -43.312513
140934, -43.727957
140935, -53.177484
140936, -48.500642
140937, -37.526065
140938, -285.958567
140939, -283.399043
140940, -249.898844
140941, -273.339519
140942, -271.563296
140943, -36.225436
140944, -33.558769
140945, -74.636905
140946, -32.523055
140947, -31.612340
140948, -8.813645
140949, -29.225347
140950, -25.295819
140951, -47.764395
140952, -22.802241
140953, -226.924131
140954, -22.674680
140955, -21.770401
140956, -27.701626
140957, -18.032145
140958, -85.219127
140959, -23.636150
140960, -16.390575
140961, -17.241962
140962, -11.920291
140963, -13.029630
140964, -18.292480
140965, -15.555472
140966, -21.862340
140967, -10.903309
140968, -15.207660
140969, -12.028850
140970, -15.668245
140971, NaN
140972, -19.630197
140973, -12.705729
140974, -12.083946
140975, -11.473747
140976, -8.664033
140977, -9.531386
140978, -9.293803
140979, -7.803643
140980, -9.039377
140981, -16.546864
140982, -11.742891
140983, -7.510943
140984, -9.899262
140985, -6.619070
140986, -11.045337
140987, -11.934815
140988, -7.979815
140989, -6.220605
140990, -7.579322
140991, -11.848265
140992, -6.217653
140993, -7.081978
140994, -7.693450
140995, -6.835520
140996, -5.507795
140997, -6.938334
140998, -5.328240
140999, -6.095162
141000, -7.050987
141001, -6.663344
141002, -5.175741
141003, -5.690794
141004, -4.687252
141005, -4.051183
141006, -7.025406
141007, -5.901341
141008, -4.579027
141009, -5.363167
141010, -6.679578
141011, -4.522455
141012, -5.699157
141013, -7.383657
141014, -5.679971
141015, -5.077846
141016, -6.290459
141017, -12.451626
141018, -3.906898
141019, -3.940499
141020, -6.199452
141021, -4.804824
141022, -1.411267
141023, -6.234379
141024, -5.260845
141025, -4.724639
141026, -4.265666
141027, -4.102836
141028, -5.211160
141029, -7.615233
141030, -6.081388
141031, -7.358882
141032, -5.658818
141033, -3.233100
141034, -1.415031
141035, -1.833061
141036, -4.691679
141037, -4.889436
141038, -4.982791
141039, -5.616512
141040, -4.480640
141041, -3.923281
141042, -2.106352
141043, -4.476213
141044, -2.288098
141045, -3.519897
141046, -3.911475
141047, -4.604607
141048, -4.142191
141049, -2.812006
141050, -0.273914
141051, -4.788098
141052, -6.053348
141053, -1.424720
141054, -4.030030
141055, -5.696205
141056, -2.831683
141057, -0.876833
141058, -4.293803
141059, -3.983297
141060, -4.134812
141061, -3.923281
141062, -4.034950
141063, -1.076526
141064, -3.883435
141065, -4.985855
141066, -3.362970
141067, NaN
141068, -4.254351
141069, -4.115135
141070, -4.179578
141071, -3.959684
141072, -3.343293
141073, -3.524816
141074, -1.625681
141075, -4.522455
141076, -3.545477
141077, -4.213029
141078, -5.026685
141079, -2.076252
141080, -6.271044
141081, -4.351262
141082, -3.873596
141083, 2.911588
141084, -4.514092
141085, -1.377985
141086, -2.699353
141087, -2.192757
141088, 1.987222
141089, -6.558207
141090, -3.979361
141091, -3.238511
141092, -3.271471
141093, -0.429736
141094, -4.446697
141095, -1.996358
141096, -1.457020
141097, -0.471687
141098, -5.626351
141099, -3.641404
141100, -4.073320
141101, -0.358400
141102, -0.739224
141103, -1.452870
141104, -2.698862
141105, -3.940991
141106, -4.627236
141107, -1.241656
141108, -0.887714
141109, -0.268851
141110, -3.823419
141111, -0.661139
141112, -0.449286
141113, -1.273018
141114, 0.241959
141115, -5.268224
141116, 0.534530
141117, -3.902620
141118, -4.699550
141119, -4.912065
141120, -4.218932
141121, -4.450141
141122, -0.963238
141123, 0.652225
141124, -3.569090
141125, -0.151667
141126, -3.243431
141127, -1.493473
141128, -0.673940
141129, -0.862112
141130, -2.022455
141131, -3.265568
141132, -0.585389
141133, -5.704603
141134, -3.089456
141135, -5.567811
141136, -3.723065
141137, -3.100278
141138, -2.237921
141139, -4.178102
141140, -2.901046
141141, -4.447681
141142, -1.447749
141143, -3.188334
141144, -4.271481
141145, 0.421607
141146, -4.015272
141147, -3.996579
141148, -4.000514
141149, -4.224836
141150, -5.046362
141151, -3.310825
141152, -0.595855
141153, -3.642880
141154, -0.840991
141155, -4.549019
141156, -0.734744
141157, -3.718145
141158, -3.824895
141159, -3.624186
141160, -3.591227
141161, -0.308477
141162, -1.984744
141163, NaN
141164, -3.463816
141165, -1.417668
141166, -1.751129
141167, -3.655670
141168, -4.079224
141169, -0.997801
141170, -3.136065
141171, -0.890852
141172, -3.754548
141173, -5.563383
141174, -1.044506
141175, -1.582158
141176, -2.059629
141177, -4.057087
141178, -0.252153
141179, -1.938826
141180, -3.995595
141181, 1.184342
141182, -2.411573
141183, -1.228215
141184, -4.072337
141185, -0.096623
141186, -0.228471
141187, -2.990085
141188, -3.640420
141189, -2.882844
141190, 0.704479
141191, -1.170937
141192, -3.931152
141193, -5.475819
141194, -0.045420
141195, 0.697078
141196, -6.569790
141197, -3.773242
141198, 1.286779
141199, -4.403407
141200, -1.009961
141201, -3.946894
141202, -1.515594
141203, -4.313383
141204, -1.066285
141205, -5.654883
141206, -3.042230
141207, -4.791050
141208, -2.735756
141209, -3.442171
141210, 1.047207
141211, -0.620817
141212, -3.635993
141213, -4.208110
141214, -3.763403
141215, -2.461750
141216, -0.592655
141217, -4.374383
141218, -0.778267
141219, -3.696992
141220, -2.847917
141221, -1.527755
141222, -4.324698
141223, -0.920356
141224, -0.423684
141225, -2.854312
141226, -0.450566
141227, -2.679184
141228, -5.860510
141229, -3.977886
141230, -1.202314
141231, -1.664723
141232, -1.117873
141233, -4.805316
141234, -0.933157
141235, -2.494218
141236, -4.122022
141237, -1.482952
141238, 1.396136
141239, -1.001641
141240, 1.362914
141241, -4.948960
141242, 0.302123
141243, -3.237035
141244, -2.437893
141245, -0.361136
141246, -0.549132
141247, -0.787031
141248, -0.167027
141249, -3.631565
141250, -1.205174
141251, 0.014002
141252, -1.893218
141253, 0.361646
141254, 1.714520
141255, -1.453510
141256, 0.683235
141257, -4.495398
141258, -2.673281
141259, NaN
141260, -2.707990
141261, -3.187842
141262, -3.300495
141263, 1.166347
141264, -5.432529
141265, 2.614298
141266, -1.548236
141267, -3.044690
141268, -3.947386
141269, 2.226701
141270, -1.063085
141271, -2.105712
141272, -1.290299
141273, -1.850154
141274, -1.626321
141275, -0.231672
141276, -3.801282
141277, -3.300987
141278, -2.034027
141279, -1.206454
141280, 2.415622
141281, -5.244611
141282, 0.734453
141283, -1.767098
141284, 1.015686
141285, 0.089381
141286, -1.128369
141287, -0.659859
141288, -3.522848
141289, -3.109133
141290, -4.755630
141291, -4.128417
141292, -3.030916
141293, -1.557196
141294, -4.560825
141295, -4.295674
141296, -2.126744
141297, -2.182825
141298, -3.794887
141299, -0.438405
141300, -4.071353
141301, -2.757273
141302, -3.288688
141303, -1.687125
141304, -1.535435
141305, -2.842506
141306, -3.834733
141307, -2.285146
141308, -4.685100
141309, -0.923556
141310, -0.625297
141311, -1.693731
141312, -4.233690
141313, -4.748252
141314, -3.990184
141315, -2.065389
141316, -4.256319
141317, -4.647897
141318, -4.319287
141319, -1.081646
141320, -3.257205
141321, -2.941384
141322, -3.640420
141323, -3.797838
141324, -0.246393
141325, 0.043546
141326, -2.889239
141327, -0.987560
141328, -6.123683
141329, -3.446107
141330, -1.503433
141331, 0.454797
141332, -1.606522
141333, -3.417575
141334, -0.874273
141335, -3.525800
141336, -4.592309
141337, 0.989160
141338, -4.423576
141339, -4.112183
141340, -4.508189
141341, -3.571057
141342, -0.855712
141343, -2.149874
141344, -3.203092
141345, -1.137970
141346, -4.137272
141347, -0.760345
141348, -1.235256
141349, -3.999039
141350, -4.085619
141351, -1.244216
141352, -4.191876
141353, -3.513009
141354, -3.559743
141355, NaN
141356, 1.362914
141357, -1.069885
141358, -4.580503
141359, -2.977295
141360, -2.232018
141361, -3.687645
141362, -1.680350
141363, -3.148980
141364, -4.419149
141365, 1.511879
141366, -2.041067
141367, -4.389633
141368, -3.122415
141369, -4.958307
141370, -1.110448
141371, -3.121184
141372, -0.483208
141373, -0.114544
141374, -3.256713
141375, -0.718743
141376, -3.114052
141377, -3.370841
141378, -1.303100
141379, -3.075190
141380, -0.592256
141381, -1.611598
141382, -0.881313
141383, -0.677780
141384, -3.600573
141385, 0.787056
141386, -0.627217
141387, -4.672986
141388, -4.185481
141389, -4.067909
141390, -3.529735
141391, -3.670920
141392, -0.430724
141393, -0.143986
141394, -2.763797
141395, -3.991660
141396, -2.790361
141397, -3.555808
141398, -3.791935
141399, -0.225911
141400, -1.196213
141401, -1.842015
141402, -2.061549
141403, -0.407919
141404, -0.563213
141405, -4.634123
141406, -4.229755
141407, -3.986248
141408, -5.122120
141409, -4.696599
141410, -0.212557
141411, -1.381185
141412, -2.862183
141413, -4.512124
141414, -1.976705
141415, -2.521274
141416, -1.242936
141417, -3.045674
141418, -1.340223
141419, 1.489808
141420, -4.105296
141421, -1.053484
141422, -1.388866
141423, -4.152521
141424, -3.715686
141425, -3.226705
141426, -0.250233
141427, -3.298035
141428, -3.180463
141429, -4.123497
141430, -1.389191
141431, -4.587390
141432, -2.926626
141433, -3.079617
141434, -4.361593
141435, -1.575118
141436, -1.255737
141437, -2.659999
141438, 0.760740
141439, -2.818401
141440, -3.073714
141441, -4.879106
141442, -4.697582
141443, -4.600672
141444, -1.456559
141445, -5.237724
141446, -0.715972
141447, -3.532687
141448, 0.033945
141449, -4.062990
141450, -0.824350
141451, NaN
141452, -1.858656
141453, -3.743234
141454, -0.894754
141455, 2.161640
141456, -3.840636
141457, -4.597720
141458, -4.812695
141459, -0.764186
141460, -3.497760
141461, -0.020773
141462, -3.416591
141463, -0.855712
141464, -4.780227
141465, -0.881313
141466, -4.758090
141467, -1.639122
141468, -1.813213
141469, 1.488883
141470, -4.468342
141471, -3.670428
141472, -3.776685
141473, -3.016158
141474, -0.237432
141475, -3.569582
141476, -0.828190
141477, NaN
141478, NaN
141479, NaN
141480, -1.158451
141481, -3.349196
141482, -3.149457
141483, -1.149490
141484, 0.055067
141485, -0.930596
141486, -4.306004
141487, -1.415107
141488, -2.398850
141489, -3.727000
141490, -4.628220
141491, -3.147996
141492, -1.740248
141493, -5.696881
141494, -4.328633
141495, -1.180212
141496, -3.253269
141497, -0.573453
141498, -0.131825
141499, -3.742742
141500, -0.632337
141501, 1.534564
141502, -6.407145
141503, -2.572927
141504, -3.737823
141505, -1.601999
141506, -3.995595
141507, 1.689603
141508, -4.644454
141509, -0.495369
141510, -0.111344
141511, -0.634257
141512, -1.107248
141513, -4.533386
141514, -5.098999
141515, -0.792988
141516, 1.688218
141517, -0.591375
141518, -4.260747
141519, -1.516874
141520, -3.872612
141521, 1.652791
141522, -3.398389
141523, -3.887370
141524, -1.578958
141525, -0.154227
141526, -4.424560
141527, -0.837150
141528, -3.431349
141529, -4.053151
141530, 0.015384
141531, -4.063974
141532, -0.032619
141533, -2.381565
141534, -1.380545
141535, -0.764186
141536, -1.441349
141537, -0.563853
141538, -5.116217
141539, -4.089062
141540, -5.147701
141541, -3.558684
141542, -3.083981
141543, -3.837193
141544, -1.161651
141545, -3.258189
141546, -1.274757
141547, NaN
141548, -2.912852
141549, -1.028523
141550, -5.065056
141551, -1.485512
141552, -0.794908
141553, -2.934497
141554, -4.154981
141555, -1.453510
141556, -3.599098
141557, -4.883533
141558, -4.499160
141559, 1.544254
141560, -4.188924
141561, -2.562104
141562, -3.725350
141563, -4.423576
141564, -0.520789
141565, -5.201321
141566, 0.635024
141567, -4.938137
141568, -3.610904
141569, -4.317319
141570, -4.466374
141571, -3.685678
141572, -4.705945
141573, -2.624785
141574, 1.166178
141575, -3.690105
141576, -0.978599
141577, -3.760943
141578, -4.464898
141579, -4.493923
141580, -4.353230
141581, -4.588865
141582, 0.697813
141583, -4.360609
141584, -3.115036
141585, -1.345343
141586, -1.053735
141587, -3.797305
141588, -0.491528
141589, -0.546572
141590, -3.974934
141591, -1.626961
141592, -1.060656
141593, -3.762419
141594, -3.529243
141595, -3.937055
141596, -4.154489
141597, -5.027669
141598, 1.311696
141599, -3.511534
141600, -3.033375
141601, -4.209586
141602, -5.143273
141603, -2.781506
141604, -4.933684
141605, -3.604017
141606, -4.681349
141607, -1.212214
141608, -4.350278
141609, -1.762650
141610, -1.657043
141611, -3.515961
141612, -4.654784
141613, -0.899234
141614, -0.419844
141615, -1.600719
141616, -1.465031
141617, -4.248940
141618, -2.267744
141619, -5.161967
141620, -3.136681
141621, -1.537995
141622, -1.893218
141623, -0.552972
141624, -0.593295
141625, -2.306300
141626, -2.576782
141627, -3.467260
141628, -4.580503
141629, -1.249977
141630, -3.480542
141631, -1.216055
141632, 1.025342
141633, -4.553446
141634, -4.116610
141635, -4.709881
141636, -2.617744
141637, -0.724503
141638, -0.540811
141639, -3.302954
141640, 0.110110
141641, -7.198812
141642, -1.738028
141643, NaN
141644, -2.858740
141645, -0.942757
141646, -3.634517
141647, -4.717260
141648, -0.506889
141649, -1.289659
141650, -1.297340
141651, -2.758877
141652, -1.084846
141653, -0.302716
141654, -0.950438
141655, -3.526784
141656, -2.763797
141657, -2.942860
141658, -1.889378
141659, -2.346367
141660, -3.716178
141661, -3.803741
141662, -3.277374
141663, -1.031083
141664, 0.876705
141665, -3.757992
141666, -1.821546
141667, -4.448173
141668, -0.369280
141669, -4.062498
141670, -3.372809
141671, -3.693057
141672, -2.500613
141673, -1.706326
141674, -3.493824
141675, -4.141699
141676, -4.710865
141677, -4.653309
141678, -3.189318
141679, -0.639375
141680, -1.278779
141681, -1.475911
141682, -1.199414
141683, -2.289338
141684, -3.912459
141685, -4.010353
141686, -1.956582
141687, -4.654784
141688, -3.550396
141689, -2.432132
141690, -3.586799
141691, -3.718637
141692, -0.662419
141693, -2.821353
141694, -1.567437
141695, -4.106280
141696, -1.195573
141697, -4.729066
141698, -1.631441
141699, -3.942958
141700, -0.961318
141701, -4.156457
141702, -4.426528
141703, -3.861789
141704, -3.374776
141705, -3.533671
141706, -0.731544
141707, -1.079726
141708, 0.064667
141709, -4.013797
141710, -3.187350
141711, -3.648783
141712, -1.778011
141713, -1.500233
141714, -4.383238
141715, 0.549178
141716, -3.001400
141717, -3.374285
141718, -5.629794
141719, -3.635009
141720, -0.779547
141721, -4.430463
141722, -4.854017
141723, -3.996579
141724, -3.859822
141725, -1.595599
141726, -1.199414
141727, -2.712636
141728, -0.423684
141729, -4.193844
141730, 1.369036
141731, -1.809373
141732, -2.436170
141733, -4.481132
141734, -4.768421
141735, -3.783572
141736, -0.849951
141737, -4.071845
141738, -0.380801
141739, NaN
141740, -1.372225
141741, -1.689045
141742, -3.740774
141743, -3.654686
141744, -5.047346
141745, -4.188924
141746, -3.523340
141747, -5.263797
141748, -1.300540
141749, -1.162931
141750, -2.688039
141751, -6.346048
141752, -1.148788
141753, -0.399362
141754, -6.104017
141755, -3.866709
141756, -5.222966
141757, -1.386306
141758, -5.863954
141759, -2.967457
141760, -4.836307
141761, -2.347007
141762, -3.458897
141763, -4.173675
141764, -3.740282
141765, -4.125957
141766, -2.717063
141767, -4.153013
141768, -3.917870
141769, -5.710963
141770, -2.785934
141771, -2.839554
141772, -3.619759
141773, -5.044887
141774, -3.881467
141775, 0.082169
141776, -4.411770
141777, 0.380208
141778, -5.597621
141779, -3.505139
141780, -4.287803
141781, -0.416003
141782, -3.877136
141783, -3.186660
141784, -1.185973
141785, -1.530955
141786, -4.158917
141787, 1.697830
141788, -4.219424
141789, -5.319385
141790, -4.872710
141791, -4.307480
141792, -3.445123
141793, -5.110314
141794, -0.476807
141795, -4.770880
141796, -3.732903
141797, -3.288688
141798, -1.968342
141799, -2.675741
141800, -4.003958
141801, -4.900259
141802, -3.767338
141803, -4.288787
141804, -5.384320
141805, -4.736937
141806, -1.355584
141807, -2.876449
141808, -4.389633
141809, -1.173812
141810, -1.607760
141811, -4.293706
141812, -1.660883
141813, 1.421593
141814, -4.260255
141815, -1.850335
141816, -0.991400
141817, -3.927708
141818, -4.003958
141819, -1.887068
141820, -4.010353
141821, -0.462726
141822, -4.682333
141823, -5.070467
141824, -3.618283
141825, -3.128318
141826, -1.865696
141827, -4.268618
141828, -1.398466
141829, -3.386091
141830, -1.917540
141831, -3.185874
141832, -4.611002
141833, -1.698807
141834, -0.358829
141835, NaN
141836, -3.203092
141837, -4.212045
141838, -4.364544
141839, -3.418558
141840, -0.970919
141841, -3.430365
141842, -3.891797
141843, -4.709881
141844, -4.709881
141845, -2.936465
141846, -3.238019
141847, -4.049216
141848, -3.640420
141849, -4.001006
141850, -5.164426
141851, -2.723458
141852, -4.375367
141853, -3.911475
141854, -4.067909
141855, -1.917540
141856, -4.825485
141857, -4.174167
141858, -2.994021
141859, -3.498743
141860, -3.842604
141861, -3.774226
141862, -1.218464
141863, -3.760451
141864, -4.065941
141865, -5.687842
141866, -0.005097
141867, -2.680168
141868, -3.384123
141869, -4.959290
141870, -4.409310
141871, -4.210078
141872, -5.697681
141873, -5.528456
141874, -3.590243
141875, -4.827945
141876, -5.310530
141877, -4.322730
141878, -1.291579
141879, -4.057087
141880, -3.195221
141881, -3.574501
141882, -3.910983
141883, -0.938917
141884, -2.937449
141885, -0.468187
141886, -1.258297
141887, -3.177512
141888, -0.931876
141889, -4.665607
141890, -3.849983
141891, -1.714647
141892, -3.529243
141893, -4.191876
141894, -4.713816
141895, -1.682644
141896, -2.631825
141897, -4.505237
141898, -4.908621
141899, -4.256811
141900, -2.629991
141901, -4.499334
141902, -3.673379
141903, -3.027472
141904, -4.251400
141905, -1.659586
141906, -4.540164
141907, -4.092998
141908, -4.205650
141909, -7.810620
141910, -2.544374
141911, -1.372225
141912, -0.705942
141913, -4.625760
141914, -6.103525
141915, -6.452305
141916, -5.116217
141917, -5.562891
141918, -5.433513
141919, -5.059153
141920, -2.890402
141921, -4.440794
141922, -5.439908
141923, -4.973557
141924, -4.386189
141925, -1.310748
141926, -2.606864
141927, -1.370304
141928, -3.826541
141929, -4.066433
141930, -1.751769
141931, NaN
141932, -3.635501
141933, -4.393568
141934, -1.839455
141935, -5.305119
141936, -4.653309
141937, -3.921313
141938, -4.827453
141939, -3.015174
141940, -4.859428
141941, -4.934202
141942, -4.823517
141943, -3.667476
141944, -3.851951
141945, -4.765961
141946, -4.389141
141947, -4.575053
141948, -4.314367
141949, -4.127925
141950, -3.867201
141951, -1.626961
141952, -3.987724
141953, -4.381270
141954, -2.856280
141955, -4.196303
141956, -5.449747
141957, -3.835225
141958, -4.732510
141959, -3.514485
141960, -4.209586
141961, -3.431841
141962, -3.313285
141963, -4.297642
141964, -4.768913
141965, -4.242053
141966, -4.616906
141967, -4.087094
141968, -7.077551
141969, -4.771372
141970, -6.821720
141971, -4.937154
141972, -4.733494
141973, -5.498940
141974, -4.489987
141975, -4.607067
141976, -5.692270
141977, -5.153604
141978, -3.776685
141979, -3.881600
141980, -5.273635
141981, -4.976016
141982, -4.922887
141983, -4.514584
141984, -4.789574
141985, -4.184989
141986, -5.214603
141987, -3.438148
141988, -5.088669
141989, -4.853525
141990, -8.255922
141991, -1.196213
141992, -4.771372
141993, -5.179676
141994, -5.231329
141995, -5.140322
141996, -5.830503
141997, -3.054037
141998, -5.677512
141999, -5.723261
142000, -4.703486
142001, -5.979066
142002, -4.402915
142003, -4.479165
142004, -3.524816
142005, -4.426528
142006, -5.621431
142007, -4.148094
142008, -1.388729
142009, -4.668803
142010, -3.979361
142011, -6.430660
142012, -6.543804
142013, -4.079715
142014, -3.393505
142015, -3.967063
142016, -4.113167
142017, -4.300101
142018, -6.179775
142019, -4.245989
142020, -3.785540
142021, -4.281900
142022, -5.645536
142023, -5.305119
142024, -4.265666
142025, -4.395044
142026, -4.671510
142027, NaN
142028, -5.862970
142029, -5.305611
142030, -4.031014
142031, -4.445713
142032, -2.804135
142033, -6.541345
142034, -5.389731
142035, -4.005434
142036, -6.160097
142037, -5.445812
142038, -5.240184
142039, -1.639283
142040, -5.507303
142041, -5.810825
142042, -5.022750
142043, -4.727590
142044, -6.599393
142045, -4.463915
142046, -5.576174
142047, -4.349294
142048, -4.977984
142049, -5.448763
142050, -6.347032
142051, -6.327846
142052, -4.433907
142053, -5.538295
142054, -5.598311
142055, -4.351262
142056, -4.689220
142057, -5.537803
142058, -5.196894
142059, -5.295772
142060, -4.272061
142061, -4.876154
142062, -5.432529
142063, -6.070588
142064, -4.612970
142065, -5.840341
142066, -6.338177
142067, -5.468440
142068, -4.552954
142069, -4.115627
142070, -8.205247
142071, -5.160491
142072, -4.643470
142073, -2.445130
142074, -8.239191
142075, -4.680365
142076, -4.026587
142077, -6.119759
142078, -4.591325
142079, -4.228279
142080, -5.862255
142081, -5.284874
142082, -8.004313
142083, -4.811219
142084, -6.046461
142085, -5.368086
142086, -6.350967
142087, -2.327267
142088, -6.735658
142089, -8.014770
142090, -2.080405
142091, -4.990774
142092, -6.576272
142093, -4.370939
142094, -5.708995
142095, -4.106772
142096, -3.797838
142097, -4.341915
142098, -4.914525
142099, -4.226311
142100, -6.776488
142101, -5.770979
142102, -7.307283
142103, -4.186465
142104, -5.246087
142105, -5.348901
142106, -5.500908
142107, -7.916315
142108, -5.942171
142109, -6.770093
142110, -5.363659
142111, -5.256418
142112, -5.286425
142113, -5.867889
142114, -8.630279
142115, -1.776090
142116, -4.896323
142117, -7.541154
142118, -4.536721
142119, -4.491955
142120, -5.134418
142121, -6.161081
142122, -6.765666
142123, NaN
142124, -6.218145
142125, -2.705174
142126, -4.654292
142127, -5.412852
142128, -6.288984
142129, -6.965390
142130, -7.971817
142131, -6.467555
142132, -4.722671
142133, -5.922986
142134, -4.701026
142135, -5.346441
142136, -5.696205
142137, -5.223950
142138, -6.531998
142139, -5.900357
142140, -4.740873
142141, -5.425150
142142, -6.261435
142143, -6.092910
142144, -5.301243
142145, -4.485560
142146, -6.248153
142147, -5.015863
142148, -6.128614
142149, -4.741856
142150, -7.037704
142151, -5.946599
142152, -4.327157
142153, -5.863954
142154, -5.964308
142155, -6.407047
142156, -8.191778
142157, -5.771471
142158, -6.350967
142159, -5.992348
142160, -6.802561
142161, -6.508385
142162, -7.002777
142163, -10.687229
142164, -6.070566
142165, -4.295291
142166, -3.178496
142167, -5.865430
142168, -3.933612
142169, -5.937252
142170, -5.686660
142171, -6.441974
142172, -5.841817
142173, -5.530424
142174, -4.299117
142175, -4.885009
142176, -5.737527
142177, -7.314662
142178, -6.182726
142179, -5.927413
142180, -4.014041
142181, -5.671608
142182, -5.998743
142183, -8.276882
142184, -4.391601
142185, -9.912132
142186, -5.918558
142187, -5.970886
142188, -5.223458
142189, -5.869857
142190, -5.991364
142191, -6.895044
142192, -10.697042
142193, -5.513698
142194, -5.732116
142195, -6.161573
142196, -4.865823
142197, -6.967910
142198, -8.427905
142199, -7.486347
142200, -5.353328
142201, -5.302167
142202, -5.527964
142203, -5.947582
142204, -5.225426
142205, -7.012616
142206, -6.698763
142207, -6.373104
142208, -5.103326
142209, -6.838964
142210, -3.405276
142211, -5.923267
142212, -8.977394
142213, -5.952010
142214, -10.558046
142215, -6.226508
142216, -5.135402
142217, -4.752136
142218, -4.691124
142219, NaN
142220, -4.440302
142221, -6.183218
142222, -6.587586
142223, -7.092801
142224, -5.419247
142225, -6.181250
142226, -7.042624
142227, -15.082578
142228, -7.083454
142229, 0.228125
142230, -5.918067
142231, -6.044493
142232, -7.152325
142233, -7.249727
142234, -5.572238
142235, -6.076469
142236, -6.097130
142237, -9.219082
142238, -5.271481
142239, -6.995398
142240, -5.231821
142241, -10.509783
142242, -6.578029
142243, -7.357952
142244, -6.501006
142245, -6.573320
142246, -6.415902
142247, -13.737340
142248, -6.041050
142249, -6.041050
142250, -5.213445
142251, -6.510353
142252, -6.320959
142253, -4.295674
142254, -5.492293
142255, -6.461160
142256, -5.634222
142257, -7.446008
142258, -7.360412
142259, -7.373202
142260, -6.746481
142261, -5.507303
142262, -5.937744
142263, -6.268814
142264, -7.078029
142265, -6.539869
142266, -6.562990
142267, -6.820588
142268, -8.004351
142269, -5.793608
142270, -6.749432
142271, -9.968921
142272, -7.571943
142273, -7.093785
142274, -6.859133
142275, -11.333464
142276, -6.609723
142277, -6.987527
142278, -7.963727
142279, -7.961061
142280, -13.154007
142281, -7.485363
142282, -6.152718
142283, -7.353033
142284, -5.833981
142285, -10.696838
142286, -6.352443
142287, -7.798232
142288, -5.406898
142289, -6.864544
142290, -6.598409
142291, -5.354804
142292, -7.491266
142293, -6.966374
142294, -5.610117
142295, -8.101262
142296, -5.996776
142297, -7.157736
142298, -6.315548
142299, -7.614741
142300, -6.377039
142301, -5.708981
142302, -5.495497
142303, -6.515348
142304, -6.625957
142305, -7.515371
142306, -7.545379
142307, -7.840046
142308, -13.993293
142309, -7.338767
142310, -10.687068
142311, -8.011239
142312, -6.087783
142313, -10.553863
142314, -5.361691
142315, NaN
142316, -8.452010
142317, -11.168728
142318, -7.255139
142319, -6.780916
142320, -7.928594
142321, -5.725350
142322, -7.502089
142323, -7.491266
142324, -6.551675
142325, -6.682529
142326, -5.790164
142327, -10.913741
142328, -11.876579
142329, -7.579814
142330, -6.502974
142331, -6.432628
142332, -7.210865
142333, -13.386150
142334, -7.301872
142335, -6.798133
142336, -7.888747
142337, -8.141109
142338, -6.850770
142339, -5.297740
142340, -5.862970
142341, -8.023045
142342, -10.743857
142343, -8.701911
142344, -8.459389
142345, -7.323025
142346, -11.515896
142347, -7.277276
142348, -7.351557
142349, -8.301479
142350, -6.041050
142351, -7.568991
142352, -6.744021
142353, -7.819385
142354, -6.986544
142355, -8.431482
142356, -8.728476
142357, -12.022814
142358, -14.767102
142359, -7.240381
142360, -7.136091
142361, -8.407244
142362, -12.334912
142363, -6.114880
142364, -7.718047
142365, -10.117891
142366, -15.582578
142367, -8.280325
142368, -7.673281
142369, -8.136065
142370, -8.805707
142371, -6.437055
142372, -8.125367
142373, -8.389043
142374, -6.221589
142375, -12.322685
142376, -8.081093
142377, -8.513501
142378, -8.606969
142379, -7.543411
142380, -9.311416
142381, -11.767505
142382, -9.003958
142383, -7.859231
142384, -6.890529
142385, -6.938826
142386, -7.537508
142387, -6.806004
142388, -9.850678
142389, -9.295182
142390, -8.648783
142391, -9.400947
142392, -9.546067
142393, -9.900751
142394, -7.860215
142395, -8.888354
142396, -11.490639
142397, -7.974344
142398, -20.951626
142399, -9.069385
142400, -7.747071
142401, -12.786167
142402, -7.180857
142403, -6.658386
142404, -8.992643
142405, -12.658914
142406, -8.310172
142407, -11.787615
142408, -11.837325
142409, -10.806437
142410, -8.082569
142411, NaN
142412, -7.961324
142413, -8.313777
142414, -9.025945
142415, -8.860767
142416, -9.679873
142417, -9.434399
142418, -9.826961
142419, -8.948370
142420, -7.778329
142421, -9.698074
142422, -12.716830
142423, -10.719326
142424, -8.679283
142425, -9.654784
142426, -11.809011
142427, -8.311317
142428, -14.547589
142429, -8.420034
142430, -9.913541
142431, -9.293214
142432, -9.242053
142433, -10.106378
142434, -12.881083
142435, -11.352608
142436, -14.266379
142437, -8.901144
142438, -9.839751
142439, -14.633979
142440, -13.468117
142441, -10.817220
142442, -8.417575
142443, -10.281506
142444, -8.637960
142445, -9.419255
142446, -11.078928
142447, -13.300002
142448, -11.252544
142449, -12.047911
142450, -13.586199
142451, -10.012911
142452, -9.502285
142453, 12.901230
142454, -13.123200
142455, -13.556920
142456, -9.060172
142457, -9.572076
142458, -12.667923
142459, -14.687872
142460, -8.645831
142461, -12.482756
142462, -17.975436
142463, -10.123104
142464, -10.138846
142465, -12.326386
142466, -16.618293
142467, -11.425324
142468, -10.705552
142469, -12.229378
142470, -18.195674
142471, -13.701386
142472, -13.379635
142473, -8.628614
142474, -15.511714
142475, -8.145124
142476, -9.692663
142477, -13.578638
142478, -15.636150
142479, -17.326626
142480, -18.332578
142481, -18.880197
142482, -14.775066
142483, -9.560172
142484, -17.600436
142485, -13.326868
142486, -9.745792
142487, -10.448271
142488, -10.704517
142489, -8.772969
142490, -11.304219
142491, -10.478279
142492, -14.870626
142493, -10.407933
142494, -11.575780
142495, -12.729700
142496, -10.853623
142497, -11.814642
142498, -8.567122
142499, 14.749519
142500, -9.502285
142501, -10.099491
142502, -10.739003
142503, -10.349393
142504, -14.402158
142505, -10.097032
142506, -10.268716
142507, NaN
142508, -14.263162
142509, -10.229815
142510, -17.008818
142511, -16.528445
142512, -11.440991
142513, -14.017666
142514, -10.839849
142515, -9.435383
142516, -18.243293
142517, -14.595851
142518, -10.037508
142519, -15.149262
142520, -11.051243
142521, -14.382853
142522, -11.707126
142523, -16.278927
142524, -15.754796
142525, -10.989397
142526, -11.540853
142527, -11.752876
142528, -13.746109
142529, -12.059841
142530, -14.049967
142531, -12.877705
142532, -20.159959
142533, -10.789338
142534, -14.149101
142535, -16.525871
142536, -10.249160
142537, -15.684494
142538, -15.179989
142539, -14.169854
142540, -11.731303
142541, -17.617891
142542, -15.489030
142543, -17.434655
142544, -11.549216
142545, -13.965543
142546, -11.261435
142547, 11.330124
142548, -11.492643
142549, -10.345886
142550, -15.914920
142551, -15.359043
142552, -15.904571
142553, -11.671508
142554, -16.679024
142555, -11.871355
142556, -15.195916
142557, -11.877428
142558, -15.640414
142559, -15.812872
142560, 12.557188
142561, -15.510105
142562, -14.695594
142563, -15.219564
142564, -14.077748
142565, -10.088177
142566, -17.656662
142567, -14.755118
142568, -22.249245
142569, -16.533432
142570, -14.696559
142571, -20.023055
142572, -16.421441
142573, -12.251203
142574, -16.183046
142575, -15.870465
142576, -19.975436
142577, -13.534654
142578, -15.918406
142579, -14.970691
142580, -20.314721
142581, -22.921864
142582, -17.620787
142583, -17.460716
142584, -15.767058
142585, -18.372074
142586, -11.112380
142587, -16.275475
142588, -17.408271
142589, -15.296945
142590, -17.559333
142591, -20.171864
142592, -12.897110
142593, -17.421141
142594, -11.142228
142595, -16.795497
142596, -12.494695
142597, -22.023055
142598, -21.564721
142599, -15.944951
142600, -16.094243
142601, -15.141057
142602, -17.474230
142603, NaN
142604, -14.707762
142605, -22.064721
142606, -12.674265
142607, -18.545015
142608, -16.774101
142609, -19.112261
142610, -16.478573
142611, -23.154007
142612, 15.537345
142613, -17.437229
142614, -17.371109
142615, -18.421624
142616, -23.493293
142617, -22.529007
142618, -20.481388
142619, -13.939515
142620, -17.933367
142621, -16.857503
142622, -23.701626
142623, -14.515076
142624, -24.558769
142625, -32.565556
142626, -17.835234
142627, -24.279007
142628, -1.760320
142629, -17.305150
142630, -21.290912
142631, -19.239191
142632, -18.502222
142633, -20.361295
142634, -17.680311
142635, -22.439721
142636, -29.036503
142637, -17.077482
142638, -19.754153
142639, -23.148055
142640, -26.437840
142641, -28.230077
142642, -19.404088
142643, -15.561416
142644, -17.822685
142645, -17.261392
142646, -20.612340
142647, -20.586199
142648, -25.473167
142649, -23.177816
142650, -17.809655
142651, -19.852150
142652, -28.325479
142653, -25.064721
142654, -17.970576
142655, -7.645502
142656, -24.439721
142657, -22.630197
142658, -8.773925
142659, -25.445674
142660, -17.661674
142661, 21.948256
142662, -20.384944
142663, -21.975436
142664, -18.587804
142665, -23.981388
142666, -25.570674
142667, 19.937528
142668, -19.216508
142669, -19.829811
142670, -23.933769
142671, -30.751685
142672, -21.123683
142673, -26.636150
142674, -20.746206
142675, -19.576868
142676, -20.185942
142677, -18.156019
142678, -25.100436
142679, -23.665912
142680, -27.350436
142681, -21.803702
142682, -18.821559
142683, -24.737340
142684, -25.195674
142685, -29.288460
142686, -20.143310
142687, -31.459448
142688, -20.809011
142689, -19.505279
142690, -21.482595
142691, -28.148055
142692, -27.064721
142693, -24.148055
142694, -23.083464
142695, -20.918728
142696, -20.698812
142697, -20.971978
142698, -20.945433
142699, NaN
142700, -27.832578
142701, -26.939721
142702, -20.928380
142703, -23.248683
142704, -12.152425
142705, -27.975436
142706, -19.721198
142707, -22.681920
142708, -25.695674
142709, -226.137138
142710, -26.999245
142711, -24.707578
142712, -26.368293
142713, -28.695674
142714, -21.614674
142715, -20.949294
142716, -8.331771
142717, -27.636150
142718, -238.756186
142719, -31.456337
142720, -2.034433
142721, -28.898055
142722, -5.660584
142723, -20.073082
142724, -27.874245
142725, -21.731147
142726, -26.606388
142727, -24.233239
142728, -28.124245
142729, -29.850436
142730, -22.509301
142731, -33.238639
142732, -23.013483
142733, -28.475436
142734, -61.744048
142735, -24.262518
142736, -28.040912
142737, -29.350436
142738, -27.904007
142739, -27.981388
142740, -30.689721
142741, -27.898055
142742, -30.284959
142743, -30.671864
142744, -28.826626
142745, -30.874245
142746, -29.165912
142747, -3.308940
142748, -243.577614
142749, -29.421864
142750, -25.987340
142751, -244.410948
142752, -247.982376
142753, -29.154007
142754, -250.541900
142755, -27.433769
142756, -23.903242
142757, -32.392102
142758, -36.249076
142759, -30.904007
142760, -24.788902
142761, -41.589883
142762, -23.638001
142763, -14.873228
142764, -26.123361
142765, -29.921864
142766, -29.433769
142767, -28.612340
142768, -29.638752
142769, -25.515414
142770, -22.203108
142771, -25.959912
142772, -29.261150
142773, -30.517102
142774, -29.517102
142775, -253.041900
142776, -70.339286
142777, -34.136150
142778, -31.659959
142779, -34.508209
142780, -37.000870
142781, -29.594483
142782, -29.951626
142783, -48.065038
142784, -24.274423
142785, -19.462692
142786, -37.459122
142787, -29.892102
142788, -31.761150
142789, -33.891443
142790, -258.577614
142791, -24.934483
142792, -31.582578
142793, -10.123746
142794, -33.499245
142795, NaN
142796, -258.815709
142797, -29.987340
142798, -39.392015
142799, -33.296864
142800, -37.736356
142801, -24.280722
142802, -264.529995
142803, -31.326626
142804, -267.149043
142805, -32.582578
142806, -25.442859
142807, -33.862340
142808, -269.768090
142809, -29.880197
142810, -27.392988
142811, -33.921864
142812, -32.945674
142813, -33.820674
142814, -38.198277
142815, -38.396010
142816, -33.880197
142817, -28.025550
142818, -267.506186
142819, -34.207578
142820, -34.201626
142821, -32.761150
142822, -67.160715
142823, -32.540912
142824, -34.892102
142825, -2.444655
142826, -32.963531
142827, -266.672852
142828, -32.039682
142829, -30.464340
142830, -271.196662
142831, -26.918320
142832, -11.380889
142833, -35.040912
142834, -29.784719
142835, -34.868293
142836, -36.499245
142837, -43.515466
142838, 7.340397
142839, -36.169248
142840, -36.695674
142841, -273.160948
142842, -275.006186
142843, -35.981388
142844, -277.506186
142845, -38.948848
142846, -34.606388
142847, -38.344483
142848, -277.744281
142849, -34.600436
142850, -274.410948
142851, -39.102957
142852, -41.407670
142853, -0.346897
142854, -279.470471
142855, -23.165273
142856, -34.189721
142857, -281.077614
142858, -44.800528
142859, -36.154007
142860, -38.920717
142861, -33.006740
142862, -43.070260
142863, -37.154007
142864, -279.887138
142865, -52.223941
142866, -282.625233
142867, -280.601424
142868, -281.018090
142869, -78.494048
142870, -284.291900
142871, -56.292264
142872, -287.208567
142873, -42.579800
142874, -283.399043
142875, -36.658485
142876, -5.039880
142877, -70.779763
142878, -38.189721
142879, -287.565709
142880, -47.278104
142881, -8.182110
142882, -41.356708
142883, -38.939721
142884, -290.601424
142885, -291.851424
142886, -59.982864
142887, -288.458567
142888, -52.700132
142889, -37.170553
142890, -282.922852
142891, NaN
142892, -52.645784
142893, -38.773055
142894, -288.934757
142895, -50.061046
142896, -286.137138
142897, -289.410948
142898, -37.079664
142899, -48.480811
142900, -10.840413
142901, -36.602631
142902, -38.779007
142903, -295.720471
142904, -298.399043
142905, -291.791900
142906, -299.589519
142907, -50.554768
142908, -48.051506
142909, -48.894624
142910, -48.240678
142911, -301.732376
142912, -295.601424
142913, -47.953251
142914, -298.815709
142915, -303.220471
142916, -42.523055
142917, -305.899043
142918, -49.349207
142919, -305.184757
142920, -309.708567
142921, -49.175528
142922, -307.387138
142923, -32.833176
142924, -38.520970
142925, -306.970471
142926, -303.994281
142927, -52.722494
142928, -57.218765
142929, -308.696662
142930, -40.154082
142931, -309.589519
142932, -310.006186
142933, -45.197071
142934, -42.665497
142935, -309.053805
142936, -307.922852
142937, -39.995080
142938, -45.148055
142939, -41.375135
142940, -308.101424
142941, -308.875233
142942, -304.232376
142943, -45.130197
142944, -318.399043
142945, -317.089519
142946, -52.565531
142947, -44.383942
142948, -54.693711
142949, -312.268090
142950, -44.124245
142951, -51.911992
142952, -313.399043
142953, -316.018090
142954, -11.052460
142955, -313.756186
142956, -53.014813
142957, -52.695586
142958, -314.649043
142959, -317.089519
142960, -319.172852
142961, -322.506186
142962, -323.994281
142963, -318.160948
142964, -320.660948
142965, -316.910948
142966, -318.696662
142967, -52.518499
142968, -314.410948
142969, -51.842683
142970, -322.565709
142971, -324.113328
142972, -324.649043
142973, -48.094483
142974, -318.637138
142975, -321.732376
142976, -325.660948
142977, -323.577614
142978, -326.434757
142979, -331.732376
142980, -326.851424
142981, -74.514717
142982, -38.587471
142983, -324.827614
142984, -53.168923
142985, -330.720471
142986, -55.822071
142987, NaN
142988, -331.256186
142989, -45.982523
142990, -331.672852
142991, -335.303805
142992, -60.334203
142993, -336.613328
142994, -336.613328
142995, -336.910948
142996, -333.875233
142997, -63.833672
142998, -48.491085
142999, -55.122608
143000, -329.351424
143001, -54.512547
143002, -332.625233
143003, -23.691782
143004, -336.970471
143005, -51.738100
143006, -336.672852
143007, -58.862416
143008, -335.601424
143009, -334.827614
143010, -334.351424
143011, -342.208567
143012, -342.803805
143013, -342.803805
143014, -344.827614
143015, -346.137138
143016, -351.256186
143017, -348.875233
143018, -66.155101
143019, -52.578023
143020, -341.077614
143021, -342.089519
143022, -59.668026
143023, -340.422852
143024, -337.684757
143025, -345.482376
143026, -59.254621
143027, -346.137138
143028, -350.899043
143029, -68.504997
143030, -347.922852
143031, -41.213313
143032, -101.827382
143033, -351.732376
143034, -60.999565
143035, -22.581150
143036, -3.104052
143037, -353.220471
143038, -355.184757
143039, -65.031912
143040, -355.422852
143041, -352.506186
143042, -355.363328
143043, -359.827614
143044, -352.803805
143045, -356.196662
143046, -356.077614
143047, -353.518090
143048, -353.279995
143049, -60.176424
143050, -355.244281
143051, -355.541900
143052, -352.922852
143053, -350.006186
143054, -351.851424
143055, -352.446662
143056, -358.994281
143057, -361.851424
143058, -357.506186
143059, -356.851424
143060, -356.851424
143061, -353.815709
143062, -57.875642
143063, -355.899043
143064, -356.613328
143065, -357.625233
143066, -362.387138
143067, 1.614256
143068, -360.125233
143069, -360.303805
143070, -359.649043
143071, -359.291900
143072, -355.244281
143073, -362.208567
143074, -70.845439
143075, -353.994281
143076, -355.541900
143077, -359.529995
143078, -363.696662
143079, -366.018090
143080, -364.172852
143081, -365.601424
143082, -364.351424
143083, NaN
143084, -370.541900
143085, -368.399043
143086, -368.696662
143087, -368.577614
143088, -368.756186
143089, -374.768090
143090, -372.208567
143091, -373.637138
143092, -376.434757
143093, -373.815709
143094, -374.470471
143095, -372.922852
143096, -372.625233
143097, -372.922852
143098, -62.970105
143099, -375.363328
143100, -370.899043
143101, 0.756492
143102, -367.149043
143103, -369.529995
143104, -369.410948
143105, -62.153383
143106, -376.851424
143107, -376.553805
143108, -381.803805
143109, -381.857376
143110, -385.672852
143111, -382.982376
143112, -381.024043
143113, -382.756186
143114, -388.053805
143115, -383.589519
143116, -384.851424
143117, -391.095471
143118, -385.613328
143119, -380.857376
143120, -382.768090
143121, -384.125233
143122, -386.101424
143123, -389.916900
143124, -388.131186
143125, -393.309757
143126, -392.113328
143127, -390.470471
143128, -382.821662
143129, -384.559757
143130, -385.333567
143131, -388.065709
143132, -73.067892
143133, -387.607376
143134, -75.296575
143135, -386.047852
143136, -68.583976
143137, -387.071662
143138, -388.137138
143139, -391.363328
143140, -387.601424
143141, -387.785948
143142, -385.869281
143143, -384.208567
143144, -384.333567
143145, -386.470471
143146, -387.434757
143147, -391.184757
143148, -388.321662
143149, -83.892678
143150, -387.375233
143151, -388.803805
143152, -390.416900
143153, -395.083567
143154, -392.458567
143155, -397.166900
143156, -397.041900
143157, -397.095471
143158, -396.149043
143159, -394.654995
143160, -399.964519
143161, -402.720471
143162, -402.899043
143163, -0.446739
143164, 3.971712
143165, -403.131186
143166, -64.986854
143167, -396.946662
143168, 0.120437
143169, -399.750233
143170, -397.708567
143171, -393.946662
143172, -399.857376
143173, -402.113328
143174, -397.458567
143175, -401.404995
143176, -398.535948
143177, -404.744281
143178, -405.535948
143179, NaN
143180, -407.678805
143181, -402.375233
143182, -409.154995
143183, -408.333567
143184, -408.095471
143185, -403.619281
143186, -405.553805
143187, 2.757342
143188, -407.922852
143189, 0.173159
143190, 1.162104
143191, -409.357376
143192, -411.274043
143193, -413.369281
143194, -415.571662
143195, 1.418907
143196, 2.336424
143197, -414.321662
143198, -417.119281
143199, 1.997138
143200, -413.613328
143201, -412.059757
143202, -414.512138
143203, -0.673780
143204, -411.095471
143205, 0.060914
143206, -413.208567
143207, 3.946968
143208, 1.493737
143209, -416.256186
143210, 0.929111
143211, -417.821662
143212, -0.386365
143213, -425.274043
143214, 0.091526
143215, -2.053032
143216, 2.536254
143217, -423.387138
143218, -422.006186
143219, -426.250233
143220, 1.838975
143221, -2.672080
143222, 2.103431
143223, 3.372988
143224, 2.280301
143225, 2.703771
143226, 1.359383
143227, -425.654995
143228, -421.768090
143229, -423.393090
143230, 2.395097
143231, -424.476424
143232, 3.130641
143233, -432.535948
143234, -433.006186
143235, 1.916356
143236, 4.138295
143237, 3.913805
143238, 5.017546
143239, 5.462274
143240, 1.442716
143241, 3.799859
143242, 0.975029
143243, 3.519247
143244, 4.413805
143245, 3.240335
143246, 1.924859
143247, -435.434757
143248, 5.407852
143249, 4.734383
143250, 3.713124
143251, 1.625539
143252, 1.545607
143253, 4.088124
143254, 6.605982
143255, -440.863328
143256, 1.565165
143257, 3.648499
143258, 3.394247
143259, 2.923159
143260, 0.715676
143261, 2.270097
143262, -443.869281
143263, 7.134043
143264, 3.441866
143265, 4.199519
143266, -438.696662
143267, 5.113635
143268, 2.229281
143269, 6.764145
143270, 5.769247
143271, 1.661254
143272, 4.757342
143273, 4.730982
143274, 6.085573
143275, NaN
143276, 3.063465
143277, 7.698669
143278, 3.548159
143279, 3.242886
143280, 8.043907
143281, 5.369587
143282, 9.006492
143283, 6.437614
143284, 5.951220
143285, 7.388295
143286, 5.958022
143287, 6.562614
143288, 5.173159
143289, 7.051560
143290, 9.670607
143291, 4.271798
143292, 12.097478
143293, 7.878941
143294, 8.638295
143295, 9.422308
143296, 11.699519
143297, 13.662954
143298, 11.291356
143299, 12.696118
143300, 8.735233
143301, 12.511594
143302, 9.059213
143303, 12.291356
143304, 9.120437
143305, 7.523499
143306, 13.499689
143307, 12.534553
143308, 10.213124
143309, 13.680812
143310, 10.576220
143311, 15.441866
143312, 10.947818
143313, 18.501390
143314, 14.958022
143315, 18.360233
143316, 11.061764
143317, 18.446968
143318, 15.377240
143319, 19.049859
143320, 18.934213
143321, 18.534553
143322, 14.693567
143323, 13.635744
143324, 18.722478
143325, 16.727580
143326, 19.027750
143327, 18.470778
143328, 20.152750
143329, 21.537954
143330, 16.387444
143331, 17.570267
143332, 14.688465
143333, -441.285948
143334, 21.021798
143335, 22.552410
143336, 21.662104
143337, 19.397648
143338, -438.910948
143339, -433.910948
143340, -438.803805
143341, -440.410948
143342, -444.285948
143343, -442.940709
143344, -441.672852
143345, -445.559757
143346, -443.541900
143347, -444.976424
143348, -443.238328
143349, -450.345471
143350, -445.214519
143351, -444.797852
143352, -441.815709
143353, -446.107376
143354, -448.077614
143355, -446.178805
143356, -446.119281
143357, -442.428805
143358, -444.994281
143359, -449.529995
143360, -442.910948
143361, -442.208567
143362, -442.720471
143363, -449.137138
143364, -445.315709
143365, -445.256186
143366, -446.976424
143367, -446.446662
143368, -442.851424
143369, -440.899043
143370, -440.244281
143371, NaN
143372, -447.768090
143373, -441.220471
143374, -442.107376
143375, -447.827614
143376, -449.274043
143377, -450.244281
143378, -445.279995
143379, -444.345471
143380, -444.214519
143381, -446.488328
143382, -444.047852
143383, -440.875233
143384, -441.571662
143385, -438.774043
143386, -440.756186
143387, -440.946662
143388, -441.529995
143389, -447.994281
143390, -450.029995
143391, -449.666900
143392, -450.220471
143393, -449.851424
143394, -450.160948
143395, -452.541900
143396, -448.071662
143397, -452.607376
143398, -458.041900
143399, -450.916900
143400, -451.357376
143401, -452.428805
143402, -452.506186
143403, -451.244281
143404, -452.244281
143405, -454.041900
143406, -458.125233
143407, -456.571662
143408, -456.452614
143409, -455.577614
143410, -463.041900
143411, -463.274043
143412, -460.351424
143413, -461.779995
143414, -459.559757
143415, -461.535948
143416, -461.595471
143417, -458.857376
143418, -459.494281
143419, -457.149043
143420, -461.315709
143421, -461.434757
143422, -456.827614
143423, -466.220471
143424, -465.143090
143425, -463.744281
143426, -460.482376
143427, -461.143090
143428, -462.988328
143429, -462.452614
143430, -465.029995
143431, -459.357376
143432, -463.779995
143433, -464.375233
143434, -465.440709
143435, -471.149043
143436, -464.672852
143437, -468.613328
143438, -466.940709
143439, -462.339519
143440, -467.119281
143441, -469.750233
143442, -469.660948
143443, -472.274043
143444, -473.482376
143445, -465.887138
143446, -472.440709
143447, -475.149043
143448, -471.726424
143449, -473.762138
143450, -481.101424
143451, -474.899043
143452, -477.452614
143453, -477.285948
143454, -470.404995
143455, -473.946662
143456, -474.976424
143457, -476.768090
143458, -478.803805
143459, -475.071662
143460, -471.785948
143461, -471.904995
143462, -473.357376
143463, -474.113328
143464, -464.315709
143465, -472.940709
143466, -474.684757
143467, NaN
143468, -479.940709
143469, -476.524043
143470, -476.059757
143471, -478.083567
143472, -479.077614
143473, -481.494281
143474, -480.821662
143475, -481.708567
143476, -480.268090
143477, -479.035948
143478, -487.482376
143479, -477.434757
143480, -476.470471
143481, -478.619281
143482, -477.660948
143483, -479.268090
143484, -482.750233
143485, -487.053805
143486, -486.601424
143487, -486.089519
143488, -487.119281
143489, -488.089519
143490, -488.541900
143491, -485.381186
143492, -488.774043
143493, -489.756186
143494, -489.797852
143495, -491.553805
143496, -486.512138
143497, -492.149043
143498, -493.714519
143499, -494.779995
143500, -496.762138
143501, -497.660948
143502, -493.095471
143503, -491.762138
143504, -492.024043
143505, -488.363328
143506, -491.779995
143507, -493.458567
143508, -494.416900
143509, -493.518090
143510, -493.518090
143511, -492.268090
143512, -493.315709
143513, -495.137138
143514, -496.452614
143515, -495.904995
143516, -498.660948
143517, -493.387138
143518, -488.291900
143519, -493.357376
143520, -492.553805
143521, -491.065709
143522, 17.863635
143523, -495.916900
143524, -496.268090
143525, -494.815709
143526, -500.458567
143527, 21.899349
143528, 25.080471
143529, 24.203771
143530, -503.119281
143531, 21.003090
143532, -503.690709
143533, -508.910948
143534, -507.065709
143535, -513.345471
143536, -513.160948
143537, -512.875233
143538, -517.863328
143539, -517.833567
143540, -517.672852
143541, 19.353431
143542, 20.375539
143543, -515.012138
143544, 20.829621
143545, -511.434757
143546, -506.143090
143547, 15.970778
143548, -512.869281
143549, 22.577920
143550, 17.779451
143551, 17.593227
143552, 18.793907
143553, 17.964825
143554, 15.477580
143555, -524.744281
143556, -517.434757
143557, 22.314315
143558, 21.185914
143559, -520.696662
143560, 18.904451
143561, 16.369587
143562, 19.468227
143563, NaN
143564, 18.577070
143565, -514.000233
143566, -514.666900
143567, 18.153601
143568, 17.839825
143569, 20.641696
143570, 16.296458
143571, 19.244587
143572, 18.276900
143573, 23.765846
143574, -525.089519
143575, 22.702920
143576, 20.859383
143577, 20.486084
143578, 14.665505
143579, 19.327920
143580, 19.611084
143581, 16.259893
143582, -521.613328
143583, 19.784553
143584, 11.420607
143585, -522.065709
143586, 16.308363
143587, 13.130641
143588, 12.274349
143589, 14.498839
143590, 19.205471
143591, -519.601424
143592, -522.053805
143593, -523.440709
143594, 19.122138
143595, 18.103431
143596, 16.923159
143597, 17.200369
143598, -528.833567
143599, 13.297308
143600, -521.214519
143601, -524.232376
143602, 15.630641
143603, -523.059757
143604, -522.208567
143605, 15.843227
143606, -526.654995
143607, -529.428805
143608, -526.464519
143609, 13.442716
143610, -524.416900
143611, -523.410948
143612, 15.651900
143613, -522.166900
143614, 17.105131
143615, -529.601424
143616, -522.464519
143617, 16.179961
143618, 16.104281
143619, -523.827614
143620, -521.839519
143621, 13.835573
143622, 14.378941
143623, -521.654995
143624, -522.137138
143625, -524.577614
143626, -526.190709
143627, -526.553805
143628, -521.565709
143629, 12.743737
143630, -526.071662
143631, -520.815709
143632, -523.315709
143633, 10.635744
143634, -530.351424
143635, 10.613635
143636, -529.613328
143637, -532.018090
143638, 22.792001
143639, 14.466526
143640, 11.077920
143641, -530.833567
143642, -534.404995
143643, -536.500233
143644, 12.903601
143645, -536.434757
143646, -530.071662
143647, -526.982376
143648, -524.458567
143649, -523.869281
143650, 9.287954
143651, -527.393090
143652, 11.974179
143653, -537.607376
143654, -539.375233
143655, -536.077614
143656, 10.225029
143657, 11.260744
143658, 15.120870
143659, NaN
143660, -523.190709
143661, -522.952614
143662, 8.503090
143663, -524.178805
143664, -526.928805
143665, 7.550710
143666, -522.291900
143667, 6.424009
143668, 19.095573
143669, 9.973329
143670, -533.750233
143671, -532.637138
143672, -533.315709
143673, -532.994281
143674, 20.799442
143675, 22.070275
143676, -530.422852
143677, 20.067299
143678, 21.354501
143679, -535.762138
143680, -535.035948
143681, -540.309757
143682, -537.631186
143683, -533.732376
143684, 12.848549
143685, 15.769680
143686, -536.464519
143687, 15.260751
143688, 18.050930
143689, -535.750233
143690, 17.412537
143691, 22.303906
143692, 14.565811
143693, 20.183370
143694, 18.729501
143695, 5.599926
143696, -540.839519
143697, -544.351424
143698, -544.369281
143699, 21.497358
143700, -540.351424
143701, 6.188465
143702, 16.397656
143703, 16.168489
143704, -547.363328
143705, 16.330692
143706, 15.738430
143707, 20.257775
143708, 17.854501
143709, -545.154995
143710, 12.985453
143711, 16.070275
143712, 15.262239
143713, 4.318921
143714, -552.202614
143715, 16.414025
143716, 8.570275
143717, -552.529995
143718, -543.881186
143719, -549.506186
143720, 4.639995
143721, -544.422852
143722, -546.565709
143723, 19.135751
143724, 20.265215
143725, 14.534561
143726, -550.416900
143727, 15.806882
143728, 13.844084
143729, 14.908073
143730, -545.214519
143731, -547.726424
143732, 9.095389
143733, 17.544977
143734, 12.942299
143735, -551.595471
143736, 11.922953
143737, 13.434858
143738, -548.214519
143739, 11.522656
143740, 11.643192
143741, 10.422953
143742, 10.167001
143743, 19.028608
143744, 14.972061
143745, 12.882775
143746, 17.978013
143747, 11.105989
143748, -549.256186
143749, 14.323251
143750, 9.643192
143751, 11.513727
143752, 8.445275
143753, 9.294977
143754, -545.702614
143755, NaN
143756, 11.640215
143757, 12.239918
143758, 4.206752
143759, 19.861942
143760, 3.686632
143761, 9.937834
143762, 8.403608
143763, 12.013727
143764, 10.972061
143765, 14.028608
143766, 12.061346
143767, 9.396168
143768, 11.574739
143769, 13.705692
143770, 10.013727
143771, 15.405096
143772, 14.364918
143773, 12.945275
143774, 12.199739
143775, 13.034189
143776, 15.116406
143777, 10.083668
143778, 4.029582
143779, 11.137239
143780, 9.220573
143781, 15.073251
143782, 9.605989
143783, 1.144737
143784, 9.524144
143785, 3.062552
143786, 12.068787
143787, 0.532994
143788, 8.870870
143789, 8.911049
143790, 9.550930
143791, 9.815811
143792, 2.869159
143793, 10.344084
143794, -554.732376
143795, 13.763727
143796, 8.315811
143797, 9.603013
143798, 14.103013
143799, 12.537537
143800, 12.274144
143801, 8.424442
143802, 6.815811
143803, 3.274253
143804, 9.696763
143805, 6.085156
143806, 10.260751
143807, 0.924399
143808, -4.157081
143809, 8.233965
143810, 8.683370
143811, 5.230989
143812, 0.765641
143813, 8.647656
143814, 5.692299
143815, 4.803906
143816, 8.879799
143817, 1.683594
143818, 11.866406
143819, 10.086644
143820, 4.616252
143821, 10.230989
143822, 1.992783
143823, 6.379799
143824, 9.696763
143825, -2.930228
143826, -576.916900
143827, -1.044788
143828, 10.714620
143829, 6.235453
143830, 1.743208
143831, -2.410554
143832, 1.358765
143833, 1.832931
143834, 6.027120
143835, 8.683370
143836, -575.613328
143837, 7.286049
143838, -569.238328
143839, -0.894821
143840, -0.144623
143841, 1.161856
143842, 1.169215
143843, -0.938320
143844, -0.020440
143845, 7.167001
143846, -566.404995
143847, 0.858260
143848, -565.143090
143849, 2.541776
143850, -567.458567
143851, NaN
143852, -0.190835
143853, -571.797852
143854, 1.319073
143855, -568.262138
143856, -568.029995
143857, -0.069792
143858, 0.754809
143859, -2.480971
143860, -573.029995
143861, 6.958668
143862, 11.028608
143863, -0.269374
143864, -576.678805
143865, -0.330305
143866, -0.574990
143867, -574.172852
143868, -3.952096
143869, -576.863328
143870, 6.547953
143871, -582.702614
143872, 6.702715
143873, 5.168489
143874, 3.813011
143875, 0.071149
143876, 6.524144
143877, -584.910948
143878, -582.428805
143879, -2.978646
143880, -0.164034
143881, -1.882683
143882, -582.952614
143883, -583.422852
143884, -72.698014
143885, -587.309757
143886, -579.702614
143887, -582.369281
143888, 0.627364
143889, -583.916900
143890, -2.006808
143891, -5.300915
143892, 0.271195
143893, -0.929447
143894, -2.013049
143895, -61.035106
143896, -589.143090
143897, -77.132400
143898, -99.739947
143899, -584.756186
143900, -584.643090
143901, -58.347735
143902, -588.851424
143903, -587.226424
143904, 0.021841
143905, -585.351424
143906, -593.274043
143907, -13.125927
143908, -84.924859
143909, -3.904365
143910, -595.297852
143911, -593.410948
143912, -585.940709
143913, -0.933958
143914, -589.577614
143915, -586.369281
143916, -4.820307
143917, -7.849086
143918, -2.335988
143919, -1.661908
143920, -590.178805
143921, -588.744281
143922, -147.910715
143923, -1.120589
143924, -589.309757
143925, -590.881186
143926, -589.047852
143927, -587.399043
143928, -590.375233
143929, -6.861603
143930, -58.797011
143931, -595.821662
143932, -599.660948
143933, -597.149043
143934, -594.821662
143935, -61.558916
143936, -592.857376
143937, -595.470471
143938, -594.208567
143939, -55.422011
143940, -601.476424
143941, -59.713678
143942, -600.393090
143943, -594.053805
143944, -589.446662
143945, -145.059525
143946, -108.701630
143947, NaN
143948, -10.324991
143949, -55.624392
143950, -593.256186
143951, -61.070820
143952, -67.386414
143953, -593.887138
143954, -59.743439
143955, -598.375233
143956, -601.268090
143957, -600.131186
143958, -5.962278
143959, -601.690709
143960, -57.844630
143961, -594.762138
143962, -92.688076
143963, -138.029763
143964, -589.774043
143965, -105.380202
143966, -595.952614
143967, -40.048731
143968, -596.160948
143969, -598.994281
143970, -598.410948
143971, -42.264540
143972, -40.262048
143973, -6.274419
143974, -8.492741
143975, -63.873955
143976, -600.690709
143977, -121.583334
143978, -605.089519
143979, -607.166900
143980, -15.794972
143981, -51.047011
143982, -607.149043
143983, -77.925321
143984, -42.783920
143985, -605.333567
143986, -10.450835
143987, -55.273201
143988, -22.630480
143989, -22.631377
143990, -11.064669
143991, -47.755344
143992, -131.630953
143993, -54.436802
143994, -65.727192
143995, -41.239623
143996, -120.202382
143997, -50.300727
143998, -70.449981
143999, -11.614161
144000, -2.645126
144001, -46.552963
144002, -120.565477
144003, -114.672620
144004, -129.535715
144005, -23.871295
144006, -119.815477
144007, -52.473070
144008, -18.850906
144009, -57.488573
144010, -123.851191
144011, -621.101424
144012, -33.490592
144013, -47.515013
144014, -128.154763
144015, -19.536383
144016, -57.248268
144017, -108.315477
144018, -106.869048
144019, -116.232144
144020, -20.243645
144021, -72.441477
144022, -18.895805
144023, -20.221835
144024, -13.671326
144025, -623.970471
144026, -46.518197
144027, -109.690477
144028, -17.595388
144029, -18.492278
144030, -627.589519
144031, -45.445820
144032, -34.995298
144033, -50.558916
144034, -117.035715
144035, -106.827382
144036, -18.436880
144037, -13.231393
144038, -22.323546
144039, -42.112487
144040, -94.547620
144041, -98.327382
144042, -18.866309
144043, NaN
144044, -23.522339
144045, -31.296517
144046, -19.226806
144047, -47.355960
144048, -114.398810
144049, -45.312771
144050, -112.994048
144051, -22.895056
144052, -5.578539
144053, -98.148810
144054, -11.592658
144055, -14.356102
144056, -20.682834
144057, -17.492439
144058, -25.079861
144059, -22.025753
144060, -22.280864
144061, -9.891194
144062, -20.203956
144063, -15.776831
144064, -14.665896
144065, -44.531901
144066, -18.966357
144067, -70.041100
144068, -12.403963
144069, -47.013352
144070, -89.124249
144071, -38.022627
144072, -22.365574
144073, -33.125642
144074, -19.799130
144075, -14.525622
144076, -42.131569
144077, -16.010106
144078, -2.646707
144079, -20.538076
144080, -16.247719
144081, -43.929188
144082, -19.771968
144083, -13.137655
144084, -22.038443
144085, -19.249128
144086, -44.804188
144087, 14.356035
144088, -21.854463
144089, -11.690909
144090, -33.226833
144091, -16.415984
144092, -17.312723
144093, -42.730406
144094, -14.165046
144095, -14.215177
144096, -21.133172
144097, -20.149645
144098, 7.114580
144099, -19.344310
144100, -88.458334
144101, -14.689604
144102, -24.141612
144103, -11.423732
144104, -22.145846
144105, -17.332236
144106, -22.191265
144107, -17.544305
144108, -14.323445
144109, 8.762634
144110, -15.292304
144111, -19.977165
144112, -15.487744
144113, -23.406650
144114, -20.467492
144115, -19.217942
144116, -13.035371
144117, -22.786457
144118, -18.832470
144119, -29.381595
144120, -12.308152
144121, -25.279662
144122, -19.132949
144123, -17.715690
144124, -21.527431
144125, -62.557124
144126, -26.609939
144127, -21.067344
144128, -20.530597
144129, -14.283096
144130, -19.218927
144131, -19.260057
144132, -21.062832
144133, -37.195246
144134, -10.702509
144135, 18.795623
144136, -42.826773
144137, -17.891401
144138, -21.944040
144139, NaN
144140, -22.968571
144141, 9.350086
144142, 19.148741
144143, -60.031609
144144, 15.697294
144145, -16.703949
144146, -17.904372
144147, -21.007092
144148, -18.141574
144149, -21.265990
144150, -15.603848
144151, -16.344369
144152, -25.454666
144153, -22.860885
144154, -13.207924
144155, 16.011276
144156, -30.911357
144157, -16.495895
144158, -13.311325
144159, -23.696507
144160, -13.559479
144161, -19.914699
144162, -13.608975
144163, -14.055509
144164, -22.141788
144165, -21.325439
144166, -32.197071
144167, -14.883472
144168, -21.241569
144169, -9.450033
144170, -14.814695
144171, -12.566442
144172, 7.996746
144173, -12.837803
144174, -83.238096
144175, -39.022903
144176, -25.322885
144177, -14.363768
144178, -12.851753
144179, -13.015921
144180, -77.898810
144181, -24.653951
144182, -8.150374
144183, 9.679330
144184, 11.171936
144185, 15.968033
144186, 8.394180
144187, -16.436392
144188, -20.057751
144189, -21.427126
144190, -11.195884
144191, -12.599105
144192, -15.265291
144193, -20.998122
144194, 9.663656
144195, -12.213498
144196, -15.699985
144197, -16.774392
144198, -12.293869
144199, -14.564591
144200, -22.382991
144201, -8.636240
144202, -21.399523
144203, -21.719626
144204, -22.136416
144205, 10.125255
144206, -10.605441
144207, 3.313750
144208, 16.170666
144209, -12.557659
144210, -9.969515
144211, -14.223798
144212, -24.891910
144213, -12.485779
144214, -11.282483
144215, -13.711007
144216, -43.726788
144217, -6.988403
144218, -13.297902
144219, -15.073821
144220, -21.533849
144221, -10.856725
144222, -20.372006
144223, -12.657345
144224, -11.582288
144225, -19.444785
144226, -14.282880
144227, -11.978046
144228, -13.167331
144229, -13.534371
144230, 5.296527
144231, 10.671009
144232, 5.258062
144233, -26.832284
144234, -9.695114
144235, NaN
144236, -22.121457
144237, -15.911379
144238, -12.092345
144239, -11.761254
144240, -18.888060
144241, -13.511939
144242, -11.387360
144243, -22.608452
144244, -10.534941
144245, -11.469279
144246, -14.715046
144247, -27.437487
144248, -21.994540
144249, 0.481173
144250, 7.403591
144251, 17.389470
144252, -8.994479
144253, -9.864758
144254, 9.294092
144255, 4.210509
144256, -20.667981
144257, -23.177982
144258, -22.834802
144259, -8.672222
144260, -13.487206
144261, -20.361918
144262, -14.081329
144263, -9.989499
144264, 1.433515
144265, -11.245304
144266, -9.067425
144267, 14.384517
144268, -12.107010
144269, -14.174609
144270, -10.404087
144271, -12.027414
144272, -11.240412
144273, -12.992109
144274, -22.234313
144275, -15.230860
144276, -13.372933
144277, -10.811310
144278, -10.448682
144279, -10.161781
144280, -13.593021
144281, -13.652133
144282, -11.138546
144283, -10.811845
144284, -21.027937
144285, -21.451685
144286, -9.408422
144287, -13.977711
144288, -13.422610
144289, -20.358503
144290, -4.431621
144291, -8.436816
144292, -11.031395
144293, -10.949713
144294, -11.868627
144295, -13.052805
144296, -16.537427
144297, 10.974018
144298, -9.774186
144299, -9.567344
144300, -10.289946
144301, -12.441015
144302, -27.529164
144303, -11.276370
144304, -13.733527
144305, -9.854525
144306, -9.590599
144307, -15.549476
144308, -12.561526
144309, -9.666418
144310, 7.626680
144311, -22.391679
144312, 9.317184
144313, 5.560738
144314, -11.372980
144315, -12.381507
144316, -9.443286
144317, -18.337232
144318, -10.169051
144319, 15.416583
144320, -12.131267
144321, -12.917547
144322, -26.121502
144323, -12.030497
144324, -12.502315
144325, -9.262131
144326, 12.827300
144327, 9.217026
144328, 10.917877
144329, -9.602637
144330, -8.807437
144331, NaN
144332, -11.287553
144333, -17.929616
144334, -12.180155
144335, -5.868434
144336, -9.787979
144337, -13.185961
144338, -12.532881
144339, -22.612604
144340, -9.574689
144341, -11.808737
144342, -12.273178
144343, -12.474901
144344, -10.909380
144345, -13.680772
144346, -11.075452
144347, -8.636194
144348, -9.058362
144349, -6.318106
144350, -9.561981
144351, -10.653388
144352, -12.403503
144353, -8.891377
144354, -8.442261
144355, -10.874125
144356, 1.994603
144357, -14.025535
144358, -9.191981
144359, -9.174049
144360, -10.634515
144361, -20.895466
144362, -10.435958
144363, -11.515471
144364, -8.156330
144365, -15.089663
144366, 10.251952
144367, -10.473211
144368, -6.009936
144369, -10.363699
144370, -9.395097
144371, -0.845140
144372, -9.601342
144373, -10.129653
144374, 0.801296
144375, -11.397058
144376, 1.772814
144377, -13.832666
144378, -10.328842
144379, -11.674225
144380, -13.298060
144381, -12.507485
144382, -11.044879
144383, -10.127713
144384, -4.975431
144385, 8.880929
144386, -9.375141
144387, 3.267050
144388, -9.984435
144389, -5.756763
144390, -8.557340
144391, -9.324406
144392, -28.862817
144393, -10.548014
144394, -9.263444
144395, -9.863034
144396, -10.193599
144397, -9.129140
144398, -10.226046
144399, -8.504193
144400, -10.137416
144401, -11.600817
144402, -6.498190
144403, -8.493855
144404, -9.186424
144405, -8.242766
144406, -12.154733
144407, -11.426198
144408, -12.053625
144409, -11.461652
144410, -11.673478
144411, -9.213545
144412, -10.295112
144413, -26.962367
144414, -11.266884
144415, -13.606883
144416, -18.406584
144417, -4.506068
144418, -11.230524
144419, -11.147094
144420, -9.459674
144421, -11.105783
144422, -9.436133
144423, -8.499119
144424, -11.317631
144425, -8.823397
144426, -8.056002
144427, NaN
144428, -9.249748
144429, -9.371746
144430, -8.688813
144431, -9.031679
144432, -5.300565
144433, -9.746743
144434, -10.791492
144435, -11.754016
144436, -7.906794
144437, 12.237430
144438, -10.345651
144439, -9.763345
144440, -7.197427
144441, -14.536025
144442, -12.487913
144443, -5.505100
144444, -8.795252
144445, -9.060377
144446, -8.406553
144447, -7.378857
144448, 9.635854
144449, -11.350970
144450, -9.541804
144451, -9.108237
144452, -6.467709
144453, -9.693745
144454, -8.943265
144455, -6.057372
144456, -7.421436
144457, 4.088419
144458, -8.704458
144459, -8.998653
144460, -9.468461
144461, -7.426603
144462, -12.049919
144463, -10.929146
144464, -8.523382
144465, -8.459246
144466, -7.730585
144467, -9.027623
144468, -11.158005
144469, -12.210966
144470, -7.434901
144471, -9.135917
144472, -9.122558
144473, -11.897074
144474, -6.546021
144475, -7.585465
144476, -9.848818
144477, -8.762708
144478, 4.214653
144479, -8.732314
144480, -10.308276
144481, -7.820548
144482, -11.573086
144483, -8.671553
144484, -5.620601
144485, -7.778826
144486, -12.164035
144487, -1.959866
144488, 9.473060
144489, -10.770050
144490, -8.822531
144491, -4.045651
144492, -6.726018
144493, -8.066203
144494, 9.066375
144495, -10.077983
144496, -7.756770
144497, -8.135577
144498, -10.090185
144499, -7.614959
144500, -9.894541
144501, -4.795534
144502, -9.659993
144503, -7.311938
144504, -8.875764
144505, -8.627319
144506, -10.380892
144507, -7.110118
144508, -8.205271
144509, -8.350144
144510, -10.435724
144511, -9.474871
144512, -8.439145
144513, -2.536693
144514, -7.498739
144515, 5.178158
144516, -10.504112
144517, -8.652848
144518, -10.154694
144519, -10.674898
144520, -7.800412
144521, -8.558989
144522, -7.818928
144523, NaN
144524, -9.981611
144525, -13.050050
144526, -10.663456
144527, -9.955396
144528, -8.201699
144529, -9.200099
144530, -9.348318
144531, -6.771525
144532, -0.024639
144533, -3.133834
144534, -8.190175
144535, -6.673858
144536, -10.445999
144537, -8.631095
144538, -4.835639
144539, -9.771201
144540, -10.455184
144541, -9.048461
144542, -7.329244
144543, -11.231979
144544, -7.285669
144545, -7.149179
144546, -6.429678
144547, -6.179297
144548, -4.221379
144549, -8.838678
144550, -8.169308
144551, -13.502293
144552, -7.345802
144553, -9.478722
144554, -8.613088
144555, -6.360192
144556, -7.128985
144557, -9.238152
144558, -9.291680
144559, -6.590700
144560, -8.930658
144561, -5.089013
144562, -7.480284
144563, -8.433032
144564, -5.619805
144565, -7.339923
144566, -7.891645
144567, -6.670947
144568, -5.143743
144569, -8.481266
144570, -8.500741
144571, -2.446211
144572, -4.869362
144573, -5.198368
144574, -5.570870
144575, -9.436438
144576, -0.324918
144577, -10.130580
144578, -7.214630
144579, -9.682360
144580, -5.745731
144581, -9.970186
144582, -6.667766
144583, -8.481053
144584, -10.487356
144585, -3.652946
144586, -2.447406
144587, -8.008691
144588, -1.751088
144589, -10.114896
144590, -9.785016
144591, -5.421738
144592, -7.712151
144593, -5.900394
144594, -7.501013
144595, -1.204535
144596, -2.141923
144597, -6.642140
144598, -8.159049
144599, -5.621649
144600, -6.018508
144601, -8.572536
144602, -6.201261
144603, -5.441508
144604, -5.654378
144605, -9.956314
144606, -7.961081
144607, -7.579209
144608, -8.378598
144609, -8.020416
144610, 0.740063
144611, -3.234894
144612, -3.634184
144613, -2.826200
144614, -6.507156
144615, -2.564752
144616, -2.101472
144617, -8.157308
144618, -6.776174
144619, NaN
144620, -9.259320
144621, -8.760774
144622, -5.441412
144623, -6.283680
144624, -8.959955
144625, -9.088365
144626, -5.351212
144627, -7.296310
144628, -7.999746
144629, -5.848654
144630, -7.615641
144631, -6.807740
144632, -3.253913
144633, -8.182176
144634, -8.569901
144635, -1.802703
144636, -5.444987
144637, -0.502970
144638, -1.313337
144639, -5.831640
144640, -8.496239
144641, -7.522563
144642, -6.073204
144643, -8.916812
144644, -7.306072
144645, -5.315960
144646, -5.869181
144647, -8.439645
144648, -1.214628
144649, -5.806076
144650, -6.766535
144651, -5.135743
144652, -7.041567
144653, -8.346737
144654, -6.283040
144655, -8.076879
144656, -1.788053
144657, -0.236254
144658, -2.131058
144659, -2.045348
144660, -3.826179
144661, -3.246112
144662, -5.673982
144663, -2.978803
144664, -8.194325
144665, -4.862927
144666, -6.844796
144667, -7.821595
144668, -5.393771
144669, -2.042926
144670, -1.565267
144671, -3.041745
144672, -6.058061
144673, -1.847373
144674, -2.768960
144675, -6.681024
144676, -1.601540
144677, -5.150152
144678, -2.011899
144679, -3.303394
144680, -2.519676
144681, -2.737419
144682, -1.966607
144683, -1.458824
144684, -8.244610
144685, -9.629491
144686, -5.395064
144687, -6.824163
144688, -4.158855
144689, -0.227635
144690, -5.920459
144691, -7.084900
144692, -1.351953
144693, -5.569530
144694, -0.953448
144695, -5.925344
144696, -3.489122
144697, -1.733861
144698, -5.686998
144699, -4.378950
144700, -4.394219
144701, -4.550384
144702, -6.575572
144703, 6.625007
144704, -1.640325
144705, -6.580249
144706, -6.646984
144707, -2.470147
144708, -2.455284
144709, -1.400459
144710, -9.948828
144711, -5.352231
144712, -5.520806
144713, -5.854848
144714, -6.769471
144715, NaN
144716, -6.326914
144717, -7.000661
144718, -5.764581
144719, -6.181584
144720, -5.305058
144721, 1.616124
144722, 0.086391
144723, -4.726761
144724, -5.416557
144725, -5.798294
144726, -0.028737
144727, -4.845854
144728, -0.908085
144729, -7.560631
144730, -6.467703
144731, 1.156696
144732, -1.156021
144733, 0.087755
144734, -0.534997
144735, -0.679961
144736, -1.560533
144737, -5.808566
144738, -2.902914
144739, -2.803781
144740, -3.169559
144741, -2.172740
144742, -6.227049
144743, -7.118273
144744, -1.873266
144745, -4.769235
144746, -0.788967
144747, -6.161368
144748, -6.923195
144749, -6.145030
144750, -5.238673
144751, -5.062346
144752, -6.229867
144753, 0.709421
144754, -2.230073
144755, -0.992795
144756, -0.839084
144757, -1.455781
144758, -2.159521
144759, -1.156542
144760, -4.335302
144761, -7.458835
144762, -1.868793
144763, -1.672313
144764, -2.990180
144765, -1.509805
144766, -1.347956
144767, -1.226475
144768, -6.461100
144769, -0.622327
144770, -2.842378
144771, -1.036313
144772, -2.925960
144773, -5.520460
144774, -0.465074
144775, -2.855274
144776, -0.920296
144777, -0.615050
144778, 0.314412
144779, -2.466503
144780, -3.271238
144781, -2.378271
144782, -1.786764
144783, 0.712713
144784, 1.600854
144785, -0.455198
144786, -0.503188
144787, -1.276143
144788, -2.103363
144789, -1.881262
144790, -3.606352
144791, -8.219409
144792, -0.790467
144793, -5.336136
144794, -0.741875
144795, -1.095739
144796, -1.841352
144797, -1.209745
144798, -3.268121
144799, -2.885960
144800, -1.772009
144801, -1.670844
144802, 2.020371
144803, -3.183877
144804, -5.285621
144805, -5.502309
144806, -0.891722
144807, -6.058671
144808, -5.218792
144809, -6.920914
144810, -4.706423
144811, -5.957080
144812, -3.113988
144813, -0.954166
144814, -0.930797
144815, -0.075219
144816, -5.453942
144817, 0.944832
144818, -0.981726
144819, -7.559413
144820, -3.104449
144821, -7.068799
