EPIC,RA,Dec,Kp,InvestigationIDs
211631310,127.01991,14.97536,18.15900,GO18023_LC|GO18039_LC|GO18062_LC
211681193,127.57127,15.66251,16.95400,GO18023_LC|GO18039_LC|GO18062_LC
211690734,128.23582,15.79006,13.32200,GO18023_LC|GO18062_LC|GO18068_LC
211695681,128.04103,15.85788,18.35300,GO18023_LC|GO18025_LC|GO18062_LC
211697293,130.88980,15.87932,18.72000,GO18023_LC|GO18062_LC
211700306,129.06053,15.91990,15.42100,GO18011_LC|GO18023_LC|GO18039_LC|GO18062_LC|GO18068_LC
211707676,130.22680,16.01689,16.78600,GO18011_LC|GO18023_LC|GO18025_LC|GO18039_LC|GO18062_LC
211708110,129.15561,16.02236,18.26400,GO18011_LC|GO18023_LC|GO18039_LC|GO18062_LC
211708306,126.89451,16.02497,16.81400,GO18023_LC|GO18062_LC
211709792,130.65407,16.04558,17.15400,GO18023_LC|GO18062_LC
211711533,129.35208,16.06913,18.81100,GO18023_LC|GO18062_LC
211715159,131.33124,16.11946,19.12300,GO18023_LC|GO18062_LC
211716023,132.45149,16.13098,12.25700,GO18023_LC|GO18039_LC|GO18049_LC|GO18062_LC|GO18065_LC|GO18068_LC
211719474,129.18698,16.17786,17.33600,GO18023_LC|GO18062_LC
211720836,131.19946,16.19686,17.35100,GO18023_LC|GO18039_LC|GO18062_LC
211723172,133.41574,16.22870,15.48200,GO18023_LC|GO18062_LC|GO18063_LC|GO18068_LC
211725787,128.29869,16.26428,18.73100,GO18011_LC|GO18023_LC|GO18039_LC|GO18062_LC
211726170,129.37955,16.26977,18.59500,GO18023_LC|GO18062_LC
211727975,129.99428,16.29622,17.26800,GO18011_LC|GO18023_LC|GO18039_LC|GO18062_LC
211729756,127.64651,16.32154,15.45800,GO18011_LC|GO18023_LC|GO18039_LC|GO18062_LC|GO18068_LC
211734093,129.13568,16.38399,14.64600,GO18011_LC|GO18023_LC|GO18039_LC|GO18062_LC|GO18068_LC
211737793,129.42542,16.43551,18.28400,GO18023_LC|GO18062_LC
211738707,132.33490,16.44844,16.75100,GO18011_LC|GO18023_LC|GO18039_LC|GO18062_LC
211742957,134.33730,16.50903,15.72100,GO18023_LC|GO18062_LC|GO18068_LC
211744621,129.70071,16.53225,17.88000,GO18011_LC|GO18023_LC|GO18025_LC|GO18039_LC|GO18062_LC
211745306,131.04884,16.54236,16.50100,GO18011_LC|GO18023_LC|GO18039_LC|GO18062_LC
211748286,127.78165,16.58447,15.97100,GO18011_LC|GO18023_LC|GO18039_LC|GO18062_LC
211752612,126.39104,16.64467,17.66300,GO18023_LC|GO18039_LC|GO18062_LC
211756862,123.96376,16.70444,15.42800,GO18023_LC|GO18062_LC|GO18068_LC
211757464,126.97897,16.71314,12.30600,GO18023_LC|GO18039_LC|GO18047_LC|GO18049_LC|GO18062_LC|GO18065_LC|GO18068_LC
211759353,131.18954,16.73941,18.90000,GO18023_LC|GO18025_LC|GO18039_LC|GO18062_LC
211760451,132.18922,16.75441,18.48600,GO18011_LC|GO18023_LC|GO18062_LC
211760567,128.93097,16.75598,16.45600,GO18011_LC|GO18023_LC|GO18039_LC|GO18062_LC
211762841,128.92650,16.78929,14.80200,GO18011_LC|GO18023_LC|GO18027_LC|GO18039_LC|GO18048_LC|GO18062_LC|GO18068_LC|GO18027_SC
211770194,128.32283,16.89292,17.86200,GO18011_LC|GO18023_LC|GO18062_LC
211771406,131.39288,16.91101,18.35100,GO18011_LC|GO18023_LC|GO18039_LC|GO18062_LC
211771577,132.07193,16.91320,13.18300,GO18023_LC|GO18039_LC|GO18049_LC|GO18062_LC|GO18068_LC
211771942,126.55586,16.91824,12.94400,GO18023_LC|GO18039_LC|GO18049_LC|GO18062_LC|GO18065_LC|GO18068_LC
211771973,130.17708,16.91868,17.89300,GO18011_LC|GO18023_LC|GO18062_LC
211773459,132.13629,16.93990,14.96800,GO18011_LC|GO18023_LC|GO18039_LC|GO18062_LC|GO18068_LC
211774168,130.41307,16.94928,15.13600,GO18011_LC|GO18023_LC|GO18062_LC|GO18068_LC
211774778,129.03725,16.95793,14.18200,GO18023_LC|GO18039_LC|GO18062_LC|GO18068_LC
211774926,129.38340,16.95991,17.14700,GO18011_LC|GO18023_LC|GO18039_LC|GO18062_LC|GO18064_LC
211776073,129.60362,16.97676,15.53500,GO18011_LC|GO18023_LC|GO18039_LC|GO18062_LC|GO18068_LC
211776626,132.27486,16.98390,17.34100,GO18011_LC|GO18023_LC|GO18062_LC
211778044,131.26878,17.00474,18.13000,GO18011_LC|GO18023_LC|GO18039_LC|GO18062_LC
211778856,129.77718,17.01681,15.74900,GO18023_LC|GO18039_LC|GO18062_LC
211781289,129.53221,17.05067,9.79300,GO18003_LC|GO18011_LC|GO18023_LC|GO18039_LC|GO18049_LC|GO18062_LC
211781646,130.32414,17.05573,17.54800,GO18011_LC|GO18023_LC|GO18039_LC|GO18062_LC
211784450,130.47975,17.09467,11.97400,GO18023_LC|GO18039_LC|GO18049_LC|GO18062_LC|GO18065_LC|GO18068_LC
211784950,132.56973,17.10168,17.93900,GO18011_LC|GO18023_LC|GO18025_LC|GO18062_LC
211785147,128.28010,17.10447,19.07300,GO18011_LC|GO18023_LC|GO18062_LC
211787610,127.73240,17.13963,15.78300,GO18011_LC|GO18023_LC|GO18039_LC|GO18062_LC
211788655,130.95650,17.15441,18.57000,GO18011_LC|GO18023_LC|GO18025_LC|GO18062_LC
211788820,130.94392,17.15674,12.51300,GO18023_LC|GO18039_LC|GO18049_LC|GO18062_LC|GO18065_LC|GO18068_LC
211789682,133.31935,17.16948,15.64200,GO18011_LC|GO18023_LC|GO18039_LC|GO18062_LC|GO18068_LC
211790121,129.98598,17.17600,18.21400,GO18011_LC|GO18023_LC|GO18039_LC|GO18062_LC
211795051,130.61687,17.24681,16.95400,GO18011_LC|GO18023_LC|GO18039_LC|GO18062_LC
211795467,129.73193,17.25267,16.54900,GO18011_LC|GO18023_LC|GO18039_LC|GO18062_LC
211795569,129.55685,17.25438,14.03000,GO18011_LC|GO18023_LC|GO18039_LC|GO18062_LC|GO18068_LC
211795614,129.45464,17.25501,14.58200,GO18011_LC|GO18023_LC|GO18039_LC|GO18062_LC|GO18068_LC
211795706,129.51888,17.25651,17.06400,GO18011_LC|GO18023_LC|GO18039_LC|GO18062_LC
211796017,126.63876,17.26084,15.45500,GO18011_LC|GO18023_LC|GO18039_LC|GO18062_LC|GO18068_LC
211799258,128.24615,17.30655,15.97900,GO18011_LC|GO18023_LC|GO18027_LC|GO18039_LC|GO18047_LC|GO18062_LC|GO18063_LC|GO18068_LC|GO18027_SC|GO18063_SC
211799259,127.89356,17.30655,17.56200,GO18011_LC|GO18023_LC|GO18039_LC|GO18062_LC
211799289,130.68658,17.30699,14.40500,GO18011_LC|GO18023_LC|GO18062_LC|GO18068_LC
211799551,129.52962,17.31058,14.97500,GO18011_LC|GO18023_LC|GO18039_LC|GO18062_LC|GO18068_LC
211800148,127.74139,17.31916,10.80800,GO18023_LC|GO18038_LC|GO18049_LC|GO18062_LC|GO18065_LC|GO18068_LC
211800408,126.77825,17.32259,14.60700,GO18011_LC|GO18023_LC|GO18039_LC|GO18062_LC|GO18068_LC
211801146,129.34521,17.33326,18.13900,GO18011_LC|GO18023_LC|GO18039_LC|GO18062_LC
211801256,129.25452,17.33477,16.09900,GO18011_LC|GO18023_LC|GO18039_LC|GO18062_LC
211802387,130.11111,17.35007,16.72800,GO18011_LC|GO18023_LC|GO18039_LC|GO18062_LC
211802407,130.11617,17.35039,18.72800,GO18011_LC|GO18023_LC|GO18062_LC
211802679,132.80511,17.35430,16.29400,GO18011_LC|GO18023_LC|GO18062_LC
211803260,130.39903,17.36281,17.41500,GO18011_LC|GO18023_LC|GO18062_LC
211803269,128.25356,17.36295,12.43400,GO18023_LC|GO18049_LC|GO18065_LC
211803674,130.00026,17.36833,18.48100,GO18011_LC|GO18023_LC|GO18039_LC|GO18062_LC
211804292,132.47112,17.37736,17.57500,GO18011_LC|GO18023_LC|GO18025_LC|GO18062_LC
211804579,129.06778,17.38166,11.22200,GO18003_LC|GO18023_LC|GO18039_LC|GO18049_LC|GO18062_LC|GO18065_LC
211805435,129.63700,17.39390,16.76000,GO18011_LC|GO18023_LC|GO18039_LC|GO18062_LC
211805976,132.78458,17.40160,18.15500,GO18011_LC|GO18023_LC|GO18039_LC|GO18062_LC
211807213,130.96007,17.41883,18.36900,GO18011_LC|GO18023_LC|GO18039_LC|GO18062_LC
211807413,130.04478,17.42188,19.10900,GO18011_LC|GO18023_LC|GO18062_LC
211809282,130.41850,17.44776,16.51100,GO18023_LC|GO18039_LC
211810140,130.31212,17.46017,18.20200,GO18011_LC|GO18023_LC|GO18039_LC|GO18062_LC
211810283,129.81975,17.46241,11.50200,GO18023_LC|GO18039_LC|GO18065_LC
211810915,127.66106,17.47207,15.77100,GO18011_LC|GO18023_LC|GO18039_LC|GO18062_LC|GO18068_LC
211812292,130.39828,17.49089,15.95700,GO18023_LC
211812311,130.40001,17.49114,15.54400,GO18011_LC|GO18023_LC|GO18062_LC|GO18068_LC
211812724,129.66313,17.49682,17.48100,GO18011_LC|GO18023_LC|GO18039_LC|GO18062_LC
211815893,132.07277,17.54075,13.37100,GO18023_LC|GO18039_LC|GO18049_LC|GO18062_LC|GO18063_LC|GO18068_LC
211817992,130.28859,17.57140,17.05400,GO18011_LC|GO18023_LC|GO18039_LC|GO18062_LC
211818650,129.66795,17.58055,16.51500,GO18011_LC|GO18023_LC|GO18039_LC|GO18062_LC
211819216,129.39203,17.58922,16.22100,GO18011_LC|GO18023_LC|GO18062_LC
211819272,127.72504,17.59008,18.55100,GO18011_LC|GO18023_LC|GO18062_LC
211820823,126.30724,17.61260,18.51800,GO18011_LC|GO18023_LC|GO18039_LC|GO18062_LC
211822797,130.41037,17.64000,14.56800,GO18006_LC|GO18011_LC|GO18023_LC|GO18027_LC|GO18039_LC|GO18048_LC|GO18052_LC|GO18062_LC|GO18068_LC|GO18006_SC|GO18027_SC|GO18052_SC
211822803,129.40556,17.64006,18.55800,GO18011_LC|GO18023_LC|GO18062_LC
211822895,130.70811,17.64132,17.87100,GO18011_LC|GO18023_LC|GO18062_LC
211823276,129.30913,17.64679,18.32100,GO18011_LC|GO18023_LC|GO18025_LC|GO18062_LC
211823898,130.96576,17.65560,16.41900,GO18011_LC|GO18023_LC|GO18039_LC|GO18062_LC
211824166,130.95518,17.65929,17.80600,GO18011_LC|GO18023_LC|GO18062_LC
211825149,131.99489,17.67377,16.53600,GO18011_LC|GO18023_LC|GO18062_LC
211825367,133.02974,17.67681,18.53500,GO18023_LC|GO18062_LC
211825805,127.55131,17.68299,15.60200,GO18011_LC|GO18023_LC|GO18039_LC|GO18062_LC|GO18068_LC
211826149,129.34514,17.68758,16.03300,GO18011_LC|GO18023_LC|GO18039_LC|GO18062_LC
211827123,129.24611,17.70175,17.65900,GO18011_LC|GO18023_LC|GO18039_LC|GO18062_LC
211827220,127.32420,17.70321,16.01700,GO18011_LC|GO18023_LC|GO18039_LC|GO18062_LC|GO18068_LC
211827416,127.40076,17.70610,18.14500,GO18011_LC|GO18023_LC|GO18062_LC
211827466,132.89131,17.70678,16.94900,GO18011_LC|GO18023_LC|GO18039_LC|GO18062_LC
211827577,130.81113,17.70838,17.85700,GO18011_LC|GO18023_LC|GO18039_LC|GO18062_LC
211827807,128.27910,17.71173,17.59400,GO18011_LC|GO18023_LC|GO18039_LC|GO18062_LC
211827892,127.58586,17.71295,17.43000,GO18011_LC|GO18023_LC|GO18062_LC
211828967,132.13332,17.72831,17.57600,GO18011_LC|GO18023_LC|GO18039_LC|GO18062_LC
211829936,133.26828,17.74198,16.99700,GO18011_LC|GO18023_LC|GO18039_LC|GO18062_LC
211830698,127.59702,17.75249,17.87100,GO18011_LC|GO18023_LC|GO18039_LC|GO18062_LC
211831772,129.06384,17.76706,17.44400,GO18011_LC|GO18023_LC|GO18062_LC
211832346,132.57466,17.77518,17.69100,GO18011_LC|GO18023_LC|GO18062_LC
211832848,129.52985,17.78241,15.89800,GO18011_LC|GO18023_LC|GO18039_LC|GO18062_LC|GO18068_LC
211833336,129.90433,17.78885,14.76900,GO18011_LC|GO18023_LC|GO18039_LC|GO18062_LC|GO18068_LC
211833716,132.73560,17.79449,18.55700,GO18011_LC|GO18023_LC|GO18062_LC
211834325,129.79721,17.80317,18.09200,GO18011_LC|GO18023_LC|GO18062_LC
211834355,130.35896,17.80354,16.67000,GO18011_LC|GO18023_LC|GO18039_LC|GO18062_LC
211834700,129.68533,17.80818,11.47000,GO18003_LC|GO18011_LC|GO18023_LC|GO18039_LC|GO18049_LC|GO18062_LC|GO18065_LC
211834945,133.12796,17.81122,18.56700,GO18023_LC|GO18062_LC
211835162,130.25734,17.81433,17.05100,GO18011_LC|GO18023_LC|GO18039_LC|GO18062_LC
211835958,132.29120,17.82604,18.27500,GO18011_LC|GO18023_LC|GO18025_LC|GO18062_LC
211838068,129.75772,17.85578,15.02100,GO18011_LC|GO18023_LC|GO18039_LC|GO18062_LC|GO18068_LC
211839847,129.05017,17.87965,17.76500,GO18011_LC|GO18023_LC|GO18039_LC|GO18062_LC
211841501,131.04984,17.90219,9.94600,GO18003_LC|GO18011_LC|GO18023_LC|GO18039_LC|GO18049_LC|GO18062_LC|GO18065_LC
211841807,129.66650,17.90584,18.05600,GO18011_LC|GO18023_LC|GO18039_LC|GO18062_LC
211841991,130.92947,17.90832,14.52400,GO18011_LC|GO18023_LC|GO18039_LC|GO18052_LC|GO18062_LC|GO18068_LC
211842439,129.11589,17.91486,10.69300,GO18011_LC|GO18023_LC|GO18039_LC|GO18049_LC|GO18062_LC
211843786,129.66786,17.93320,18.07700,GO18011_LC|GO18023_LC|GO18062_LC
211844494,130.87328,17.94253,18.40900,GO18011_LC|GO18023_LC|GO18062_LC
211845034,130.15110,17.95011,16.46600,GO18011_LC|GO18023_LC|GO18039_LC|GO18062_LC
211845069,127.51225,17.95059,18.18000,GO18011_LC|GO18023_LC|GO18039_LC|GO18062_LC
211845543,131.11230,17.95718,19.41200,GO18011_LC|GO18023_LC|GO18062_LC
211846954,129.00195,17.97592,15.17300,GO18011_LC|GO18023_LC|GO18039_LC|GO18062_LC|GO18068_LC
211847321,129.87776,17.98093,17.62600,GO18011_LC|GO18023_LC|GO18039_LC|GO18062_LC|GO18063_LC
211851325,128.18670,18.03615,15.01400,GO18011_LC|GO18023_LC|GO18039_LC|GO18062_LC|GO18068_LC
211852745,127.94664,18.05626,16.27600,GO18011_LC|GO18023_LC|GO18039_LC|GO18062_LC
211880808,133.52086,18.44752,18.20800,GO18011_LC|GO18023_LC|GO18039_LC|GO18062_LC
211881901,133.13242,18.46348,18.71800,GO18011_LC|GO18023_LC|GO18062_LC
211884968,128.22127,18.50815,15.34600,GO18011_LC|GO18023_LC|GO18039_LC|GO18062_LC|GO18068_LC
211885783,128.39502,18.51915,14.60300,GO18011_LC|GO18023_LC|GO18062_LC|GO18068_LC
211885995,132.36154,18.52210,14.67100,GO18011_LC|GO18023_LC|GO18039_LC|GO18062_LC|GO18068_LC
211886176,126.43480,18.52440,18.50600,GO18023_LC|GO18062_LC|GO18064_LC
211886612,130.80388,18.53081,15.93500,GO18011_LC|GO18023_LC|GO18039_LC|GO18062_LC|GO18068_LC
211887287,130.65964,18.54109,18.18600,GO18011_LC|GO18023_LC|GO18039_LC|GO18062_LC
211887429,127.43454,18.54316,17.41200,GO18011_LC|GO18023_LC|GO18062_LC
211887567,129.09698,18.54508,17.24300,GO18011_LC|GO18023_LC|GO18039_LC|GO18062_LC
211887839,130.87938,18.54853,13.45100,GO18011_LC|GO18023_LC|GO18039_LC|GO18049_LC|GO18052_LC|GO18062_LC|GO18068_LC
211888495,129.97615,18.55832,18.37200,GO18011_LC|GO18023_LC|GO18062_LC
211888866,127.43092,18.56339,18.11600,GO18011_LC|GO18023_LC|GO18025_LC|GO18039_LC|GO18062_LC
211889082,127.48776,18.56668,14.69100,GO18011_LC|GO18023_LC|GO18039_LC|GO18062_LC|GO18068_LC
211889244,131.38240,18.56883,17.96600,GO18011_LC|GO18023_LC|GO18062_LC
211889413,129.67372,18.57126,18.06400,GO18011_LC|GO18023_LC|GO18062_LC
211889983,129.19629,18.57968,12.49200,GO18011_LC|GO18023_LC|GO18039_LC|GO18049_LC|GO18062_LC|GO18065_LC|GO18068_LC
211890182,131.42036,18.58262,18.43700,GO18011_LC|GO18023_LC|GO18039_LC|GO18062_LC
211890216,130.23045,18.58306,13.90700,GO18011_LC|GO18023_LC|GO18039_LC|GO18052_LC|GO18062_LC|GO18068_LC|GO18052_SC
211890774,130.63360,18.59114,15.15800,GO18011_LC|GO18023_LC|GO18039_LC|GO18062_LC|GO18068_LC
211891321,131.40358,18.59870,16.03900,GO18011_LC|GO18023_LC|GO18039_LC|GO18062_LC|GO18068_LC
211891359,131.15059,18.59920,13.80100,GO18011_LC|GO18023_LC|GO18039_LC|GO18052_LC|GO18062_LC|GO18068_LC|GO18052_SC
211891774,131.95358,18.60544,16.91200,GO18011_LC|GO18023_LC|GO18039_LC|GO18062_LC
211891961,130.07112,18.60828,17.50500,GO18011_LC|GO18023_LC|GO18039_LC|GO18062_LC
211892153,129.59026,18.61109,12.75700,GO18011_LC|GO18023_LC|GO18039_LC|GO18052_LC|GO18062_LC|GO18068_LC
211892173,129.40337,18.61130,18.92600,GO18011_LC|GO18023_LC|GO18062_LC
211892240,132.09386,18.61242,15.41800,GO18011_LC|GO18023_LC|GO18039_LC|GO18062_LC|GO18068_LC
211892379,133.18907,18.61445,17.36800,GO18011_LC|GO18023_LC|GO18062_LC
211892510,129.91916,18.61632,17.28300,GO18011_LC|GO18023_LC|GO18039_LC|GO18062_LC
211892816,130.26390,18.62108,17.84700,GO18011_LC|GO18023_LC|GO18039_LC|GO18062_LC
211892842,130.53052,18.62137,17.88600,GO18011_LC|GO18023_LC|GO18025_LC|GO18039_LC|GO18062_LC
211892898,130.89430,18.62220,11.77300,GO18011_LC|GO18023_LC|GO18027_LC|GO18039_LC|GO18047_LC|GO18058_LC|GO18062_LC|GO18068_LC|GO18901_LC
211893704,130.08005,18.63404,18.79000,GO18011_LC|GO18023_LC|GO18039_LC|GO18062_LC
211894087,129.83072,18.63957,17.13000,GO18011_LC|GO18023_LC|GO18039_LC|GO18062_LC
211895099,129.38783,18.65431,10.56800,GO18003_LC|GO18011_LC|GO18023_LC|GO18039_LC|GO18049_LC|GO18062_LC|GO18065_LC
211895243,130.18498,18.65652,12.60200,GO18023_LC|GO18039_LC|GO18049_LC|GO18062_LC|GO18065_LC|GO18068_LC
211895613,133.67839,18.66190,18.33400,GO18011_LC|GO18023_LC|GO18062_LC
211895744,129.52917,18.66400,16.52400,GO18023_LC|GO18039_LC
211895899,129.84782,18.66649,15.13500,GO18023_LC|GO18039_LC|GO18062_LC
211895966,129.26561,18.66735,13.60500,GO18011_LC|GO18023_LC|GO18039_LC|GO18052_LC|GO18062_LC|GO18068_LC
211896120,130.38483,18.66966,16.74900,GO18011_LC|GO18023_LC|GO18039_LC|GO18062_LC
211896292,129.82014,18.67231,17.50400,GO18011_LC|GO18023_LC|GO18025_LC|GO18062_LC
211896418,130.13998,18.67448,11.40800,GO18011_LC|GO18023_LC|GO18039_LC|GO18049_LC|GO18062_LC|GO18065_LC
211896450,130.24442,18.67505,13.20800,GO18011_LC|GO18023_LC|GO18039_LC|GO18049_LC|GO18062_LC|GO18068_LC
211896596,132.00726,18.67712,10.27300,GO18002_LC|GO18011_LC|GO18023_LC|GO18034_LC|GO18039_LC|GO18049_LC|GO18062_LC|GO18065_LC
211896670,128.20325,18.67799,16.57700,GO18011_LC|GO18023_LC|GO18039_LC|GO18062_LC
211896749,130.84970,18.67921,15.66800,GO18011_LC|GO18023_LC|GO18039_LC|GO18062_LC|GO18068_LC
211896805,129.90067,18.68027,18.50100,GO18011_LC|GO18023_LC|GO18039_LC|GO18062_LC
211896912,129.21053,18.68170,17.50800,GO18011_LC|GO18023_LC|GO18039_LC|GO18062_LC
211896957,127.86211,18.68235,16.69800,GO18011_LC|GO18023_LC|GO18039_LC|GO18062_LC
211896979,128.26205,18.68264,12.98100,GO18011_LC|GO18023_LC|GO18039_LC|GO18049_LC|GO18062_LC|GO18065_LC|GO18068_LC
211897054,130.55301,18.68364,17.59200,GO18011_LC|GO18023_LC|GO18039_LC|GO18062_LC
211897713,129.37254,18.69322,16.28600,GO18011_LC|GO18023_LC|GO18039_LC|GO18062_LC|GO18063_LC
211897821,127.74554,18.69477,14.71100,GO18011_LC|GO18023_LC|GO18039_LC|GO18062_LC|GO18068_LC
211897893,130.80020,18.69587,18.26600,GO18011_LC|GO18023_LC|GO18039_LC|GO18062_LC
211897926,127.96219,18.69643,12.71200,GO18023_LC|GO18049_LC|GO18062_LC|GO18065_LC|GO18068_LC
211898181,130.15785,18.70012,11.68300,GO18023_LC|GO18039_LC|GO18062_LC|GO18068_LC
211898294,128.20714,18.70174,12.37700,GO18011_LC|GO18023_LC|GO18039_LC|GO18062_LC|GO18068_LC
211898878,124.76534,18.71003,15.91900,GO18023_LC|GO18039_LC|GO18062_LC|GO18068_LC
211899094,131.35712,18.71335,12.57800,GO18011_LC|GO18023_LC|GO18039_LC|GO18049_LC|GO18062_LC|GO18065_LC|GO18068_LC
211899457,130.49655,18.71865,17.60700,GO18011_LC|GO18023_LC|GO18062_LC
211899790,131.40369,18.72364,17.86400,GO18011_LC|GO18023_LC|GO18039_LC|GO18062_LC
211899994,128.36755,18.72676,16.92800,GO18011_LC|GO18023_LC|GO18039_LC|GO18062_LC
211900107,133.44687,18.72832,18.40000,GO18011_LC|GO18023_LC|GO18062_LC
211900414,128.23192,18.73283,12.77200,GO18011_LC|GO18023_LC|GO18039_LC|GO18049_LC|GO18062_LC|GO18065_LC|GO18068_LC
211900619,129.05031,18.73550,17.12500,GO18011_LC|GO18023_LC|GO18039_LC|GO18062_LC
211900653,128.14687,18.73601,17.10100,GO18011_LC|GO18023_LC|GO18039_LC|GO18062_LC
211900700,131.07112,18.73660,12.06600,GO18011_LC|GO18023_LC|GO18039_LC|GO18049_LC|GO18062_LC|GO18065_LC|GO18068_LC
211900943,128.03316,18.74076,15.97700,GO18011_LC|GO18023_LC|GO18039_LC|GO18062_LC
211900989,132.67342,18.74145,17.95300,GO18011_LC|GO18023_LC|GO18039_LC|GO18062_LC
211901010,129.53370,18.74167,18.07600,GO18011_LC|GO18023_LC|GO18039_LC|GO18062_LC
211901114,130.39873,18.74306,16.02400,GO18011_LC|GO18023_LC|GO18027_LC|GO18039_LC|GO18062_LC|GO18068_LC|GO18027_SC
211901402,129.03601,18.74748,14.29000,GO18011_LC|GO18023_LC|GO18039_LC|GO18062_LC|GO18063_LC|GO18068_LC
211901458,130.22192,18.74834,17.98900,GO18011_LC|GO18023_LC|GO18039_LC|GO18062_LC
211901740,129.17021,18.75226,17.65600,GO18011_LC|GO18023_LC|GO18062_LC
211901847,130.89426,18.75385,17.46000,GO18011_LC|GO18023_LC|GO18039_LC|GO18062_LC
211901894,128.28217,18.75437,17.58300,GO18011_LC|GO18023_LC|GO18039_LC|GO18062_LC
211902072,129.22545,18.75685,12.40200,GO18011_LC|GO18023_LC|GO18039_LC|GO18049_LC|GO18062_LC|GO18065_LC|GO18068_LC
211902261,130.37082,18.75975,18.66000,GO18011_LC|GO18023_LC|GO18039_LC|GO18062_LC
211902283,127.97614,18.76005,17.80000,GO18011_LC|GO18023_LC|GO18039_LC|GO18062_LC
211902344,131.31226,18.76111,17.47600,GO18011_LC|GO18023_LC|GO18039_LC|GO18062_LC
211902720,130.54290,18.76677,17.98900,GO18011_LC|GO18023_LC|GO18039_LC|GO18062_LC
211902826,130.59181,18.76830,18.38800,GO18011_LC|GO18023_LC|GO18039_LC|GO18062_LC
211903302,129.74069,18.77525,15.70700,GO18011_LC|GO18023_LC|GO18039_LC|GO18062_LC
211903709,129.63470,18.78135,15.79500,GO18011_LC|GO18023_LC|GO18039_LC|GO18062_LC
211903821,129.79760,18.78308,18.88400,GO18011_LC|GO18023_LC|GO18062_LC
211904703,132.87688,18.79601,18.88700,GO18011_LC|GO18023_LC|GO18062_LC
211905009,130.95062,18.80076,10.06400,GO18011_LC|GO18023_LC|GO18039_LC|GO18049_LC|GO18062_LC|GO18065_LC
211905265,129.85895,18.80474,18.36100,GO18011_LC|GO18023_LC|GO18039_LC|GO18062_LC
211905618,129.82875,18.81014,16.07800,GO18011_LC|GO18023_LC|GO18039_LC|GO18062_LC
211905676,129.36280,18.81096,17.56500,GO18011_LC|GO18023_LC|GO18039_LC|GO18062_LC
211905775,131.14540,18.81223,17.98500,GO18011_LC|GO18023_LC|GO18025_LC|GO18062_LC
211905939,132.50650,18.81463,17.49800,GO18011_LC|GO18023_LC|GO18062_LC
211906187,130.16467,18.81828,13.68000,GO18011_LC|GO18023_LC|GO18039_LC|GO18052_LC|GO18062_LC|GO18068_LC
211906287,131.05519,18.81984,13.64900,GO18011_LC|GO18023_LC|GO18039_LC|GO18052_LC|GO18062_LC|GO18068_LC
211906586,123.96925,18.82422,16.72200,GO18023_LC|GO18062_LC|GO18068_LC
211906671,131.33775,18.82578,17.66700,GO18011_LC|GO18023_LC|GO18039_LC|GO18062_LC
211906702,130.23218,18.82620,17.52400,GO18011_LC|GO18023_LC|GO18039_LC|GO18062_LC
211907026,129.24437,18.83118,17.55800,GO18011_LC|GO18023_LC|GO18039_LC|GO18062_LC
211907530,129.21512,18.83870,16.48200,GO18011_LC|GO18023_LC|GO18039_LC|GO18062_LC
211907634,130.45671,18.84021,18.27400,GO18011_LC|GO18023_LC|GO18062_LC
211907679,129.08798,18.84103,17.36800,GO18011_LC|GO18023_LC|GO18039_LC|GO18062_LC
211907820,132.74739,18.84309,16.89500,GO18023_LC|GO18062_LC
211908029,130.24353,18.84620,17.16500,GO18011_LC|GO18023_LC|GO18039_LC|GO18062_LC
211908085,129.91698,18.84701,17.45900,GO18011_LC|GO18023_LC|GO18039_LC|GO18062_LC
211908380,128.26015,18.85110,16.43700,GO18011_LC|GO18023_LC|GO18039_LC|GO18062_LC
211908826,129.73726,18.85822,15.30400,GO18011_LC|GO18023_LC|GO18039_LC|GO18062_LC|GO18068_LC
211908843,133.38963,18.85845,17.89600,GO18023_LC|GO18025_LC
211908928,130.70700,18.85974,15.19100,GO18011_LC|GO18023_LC|GO18039_LC|GO18062_LC|GO18068_LC
211908953,130.68855,18.86008,10.59500,GO18003_LC|GO18011_LC|GO18023_LC|GO18039_LC|GO18049_LC|GO18062_LC|GO18065_LC
211909748,130.37794,18.87187,12.36300,GO18011_LC|GO18023_LC|GO18039_LC|GO18049_LC|GO18062_LC|GO18065_LC|GO18068_LC
211909798,131.11342,18.87244,17.93900,GO18011_LC|GO18023_LC|GO18039_LC|GO18062_LC
211910082,129.89807,18.87690,10.58200,GO18003_LC|GO18011_LC|GO18023_LC|GO18026_LC|GO18039_LC|GO18049_LC|GO18062_LC|GO18065_LC
211910532,129.38430,18.88395,15.44300,GO18011_LC|GO18023_LC|GO18039_LC|GO18062_LC|GO18068_LC
211910548,131.33820,18.88431,16.79000,GO18011_LC|GO18023_LC|GO18039_LC|GO18062_LC
211910977,131.32504,18.89037,9.56100,GO18003_LC|GO18011_LC|GO18023_LC|GO18030_LC|GO18036_LC|GO18039_LC|GO18049_LC|GO18062_LC
211911179,130.97781,18.89359,12.37900,GO18011_LC|GO18023_LC|GO18039_LC|GO18049_LC|GO18062_LC|GO18065_LC|GO18068_LC
211911233,127.34729,18.89451,18.10400,GO18011_LC|GO18023_LC|GO18062_LC
211911279,129.17790,18.89523,13.47600,GO18011_LC|GO18023_LC|GO18039_LC|GO18062_LC|GO18068_LC
211911296,128.96172,18.89544,16.04300,GO18011_LC|GO18023_LC|GO18039_LC|GO18062_LC
211911467,127.71419,18.89765,17.42800,GO18011_LC|GO18023_LC|GO18039_LC|GO18062_LC
211911911,130.40259,18.90431,15.63100,GO18011_LC|GO18023_LC|GO18039_LC|GO18062_LC|GO18068_LC
211912350,126.31722,18.91080,19.07100,GO18011_LC|GO18023_LC|GO18039_LC|GO18062_LC
211912407,130.49090,18.91172,9.35200,GO18003_LC|GO18011_LC|GO18023_LC|GO18036_LC|GO18039_LC|GO18049_LC
211912899,130.77321,18.91835,18.72400,GO18011_LC|GO18023_LC|GO18039_LC|GO18062_LC
211912940,129.07921,18.91897,15.48800,GO18011_LC|GO18023_LC|GO18039_LC|GO18062_LC|GO18068_LC
211913330,130.73785,18.92429,12.17200,GO18011_LC|GO18023_LC|GO18039_LC|GO18049_LC|GO18062_LC|GO18065_LC|GO18068_LC
211913464,131.46750,18.92632,16.78400,GO18023_LC|GO18039_LC
211913532,130.08261,18.92731,14.72000,GO18011_LC|GO18023_LC|GO18039_LC|GO18062_LC|GO18068_LC
211913669,130.64565,18.92939,17.31800,GO18011_LC|GO18023_LC|GO18039_LC|GO18062_LC
211913733,128.27324,18.93020,15.40400,GO18011_LC|GO18023_LC|GO18039_LC|GO18062_LC
211913742,130.53885,18.93029,17.29200,GO18011_LC|GO18023_LC|GO18062_LC
211913859,130.26309,18.93197,16.22600,GO18011_LC|GO18023_LC|GO18039_LC|GO18062_LC
211913907,130.01630,18.93263,18.66300,GO18011_LC|GO18023_LC|GO18039_LC|GO18062_LC
211913977,130.34409,18.93387,12.61900,GO18006_LC|GO18011_LC|GO18023_LC|GO18027_LC|GO18039_LC|GO18048_LC|GO18049_LC|GO18062_LC|GO18065_LC|GO18068_LC|GO18006_SC|GO18027_SC
211914072,129.39572,18.93549,16.45000,GO18011_LC|GO18023_LC|GO18039_LC|GO18062_LC|GO18068_LC
211914098,130.11765,18.93582,15.01500,GO18011_LC|GO18023_LC|GO18039_LC|GO18062_LC|GO18068_LC
211914124,131.07973,18.93610,17.56200,GO18011_LC|GO18023_LC|GO18039_LC|GO18062_LC|GO18068_LC
211914465,129.60574,18.94163,15.06900,GO18011_LC|GO18023_LC|GO18039_LC|GO18062_LC|GO18068_LC
211914889,129.87798,18.94817,18.03200,GO18011_LC|GO18023_LC|GO18039_LC|GO18062_LC
211914960,130.00930,18.94916,14.17900,GO18011_LC|GO18023_LC|GO18039_LC|GO18062_LC|GO18068_LC
211914970,126.99831,18.94940,15.09800,GO18023_LC|GO18039_LC|GO18068_LC
211915059,130.97466,18.95057,18.20600,GO18011_LC|GO18023_LC|GO18062_LC
211915085,132.12529,18.95097,18.99000,GO18011_LC|GO18023_LC|GO18039_LC|GO18062_LC
211915413,131.04976,18.95576,17.93300,GO18011_LC|GO18023_LC|GO18025_LC|GO18062_LC
211915709,128.93590,18.96063,17.69900,GO18011_LC|GO18023_LC|GO18039_LC|GO18062_LC
211915744,128.20972,18.96120,17.48400,GO18011_LC|GO18023_LC|GO18062_LC
211915785,130.33476,18.96195,17.24800,GO18011_LC|GO18023_LC|GO18039_LC|GO18062_LC
211915860,129.23439,18.96332,14.28400,GO18011_LC|GO18023_LC|GO18039_LC|GO18062_LC|GO18068_LC
211915918,131.13708,18.96408,16.26200,GO18011_LC|GO18023_LC|GO18039_LC|GO18062_LC
211915935,131.38410,18.96448,16.81200,GO18011_LC|GO18023_LC|GO18039_LC|GO18062_LC
211915940,129.50255,18.96471,15.52500,GO18011_LC|GO18023_LC|GO18039_LC|GO18062_LC|GO18068_LC
211916015,129.12437,18.96585,9.46600,GO18003_LC|GO18011_LC|GO18023_LC|GO18039_LC|GO18049_LC
211916232,130.30807,18.96915,14.98000,GO18011_LC|GO18023_LC|GO18039_LC|GO18062_LC|GO18063_LC|GO18068_LC
211916235,131.11537,18.96934,16.86600,GO18011_LC|GO18023_LC|GO18039_LC|GO18062_LC
211916505,129.48982,18.97312,18.49100,GO18011_LC|GO18023_LC|GO18039_LC|GO18062_LC
211916718,129.94054,18.97612,16.39800,GO18011_LC|GO18023_LC|GO18039_LC|GO18062_LC
211916756,129.36275,18.97668,15.49800,GO18006_LC|GO18011_LC|GO18023_LC|GO18027_LC|GO18039_LC|GO18048_LC|GO18062_LC|GO18063_LC|GO18068_LC|GO18006_SC|GO18027_SC|GO18063_SC
211917139,130.04521,18.98252,15.14600,GO18011_LC|GO18023_LC|GO18039_LC|GO18062_LC|GO18068_LC
211917204,131.05533,18.98347,14.38100,GO18011_LC|GO18023_LC|GO18039_LC|GO18062_LC|GO18068_LC
211917231,127.96202,18.98392,16.78300,GO18011_LC|GO18023_LC|GO18039_LC|GO18062_LC
211918097,131.36916,18.99668,18.73000,GO18011_LC|GO18023_LC|GO18039_LC|GO18062_LC
211918335,130.00710,18.99985,10.04200,GO18003_LC|GO18005_LC|GO18011_LC|GO18023_LC|GO18034_LC|GO18036_LC|GO18039_LC|GO18049_LC|GO18062_LC|GO18065_LC|GO18034_SC|GO18036_SC
211918547,131.32991,19.00302,13.45600,GO18011_LC|GO18023_LC|GO18039_LC|GO18049_LC|GO18062_LC|GO18068_LC
211918605,130.89731,19.00395,15.60700,GO18011_LC|GO18023_LC|GO18039_LC|GO18062_LC|GO18068_LC
211918998,132.74951,19.00988,17.88000,GO18011_LC|GO18023_LC|GO18039_LC|GO18062_LC
211919101,129.21672,19.01164,18.71100,GO18011_LC|GO18023_LC|GO18062_LC
211919680,131.01627,19.02024,16.86300,GO18011_LC|GO18023_LC|GO18039_LC|GO18062_LC
211919747,129.65514,19.02113,13.27700,GO18011_LC|GO18023_LC|GO18039_LC|GO18049_LC|GO18062_LC|GO18068_LC
211919763,132.14215,19.02133,17.96500,GO18011_LC|GO18023_LC|GO18025_LC|GO18062_LC
211919792,132.65178,19.02183,14.91500,GO18023_LC|GO18068_LC
211920022,130.02382,19.02518,12.33900,GO18011_LC|GO18023_LC|GO18039_LC|GO18049_LC|GO18062_LC|GO18065_LC|GO18068_LC
211920429,130.29483,19.03165,17.08500,GO18011_LC|GO18023_LC|GO18039_LC|GO18062_LC
211920710,131.34335,19.03562,16.94800,GO18011_LC|GO18023_LC|GO18039_LC|GO18062_LC
211920850,130.58015,19.03745,16.22200,GO18011_LC|GO18023_LC|GO18039_LC|GO18062_LC
211921097,128.27397,19.04114,19.09300,GO18011_LC|GO18023_LC|GO18039_LC|GO18062_LC
211921444,132.21922,19.04639,16.23300,GO18011_LC|GO18023_LC|GO18062_LC
211921859,128.07874,19.05241,16.68800,GO18011_LC|GO18023_LC|GO18039_LC|GO18062_LC
211921861,129.41125,19.05245,18.14400,GO18011_LC|GO18023_LC|GO18025_LC|GO18062_LC
211921885,128.09398,19.05277,18.38400,GO18011_LC|GO18023_LC|GO18025_LC|GO18062_LC
211921927,129.33295,19.05337,15.17000,GO18011_LC|GO18023_LC|GO18039_LC|GO18062_LC|GO18068_LC
211922454,129.67863,19.06069,19.12100,GO18011_LC|GO18023_LC|GO18039_LC|GO18062_LC
211922472,133.06053,19.06084,14.34900,GO18011_LC|GO18023_LC|GO18039_LC|GO18062_LC|GO18068_LC
211922806,133.79144,19.06561,17.65000,GO18011_LC|GO18023_LC|GO18062_LC
211922849,130.93639,19.06628,15.26800,GO18011_LC|GO18023_LC|GO18039_LC|GO18062_LC|GO18068_LC
211922975,130.77939,19.06836,9.43600,GO18003_LC|GO18011_LC|GO18023_LC|GO18036_LC|GO18039_LC|GO18049_LC
211923104,133.79358,19.06994,16.54000,GO18011_LC|GO18023_LC|GO18039_LC|GO18062_LC
211923188,130.28067,19.07123,10.01400,GO18003_LC|GO18011_LC|GO18023_LC|GO18036_LC|GO18039_LC|GO18049_LC|GO18062_LC|GO18065_LC
211923230,129.21277,19.07182,17.00600,GO18011_LC|GO18023_LC|GO18039_LC|GO18062_LC
211923388,129.01010,19.07403,18.53900,GO18011_LC|GO18023_LC|GO18039_LC|GO18062_LC
211923502,130.93150,19.07586,13.05500,GO18011_LC|GO18023_LC|GO18039_LC|GO18049_LC|GO18062_LC|GO18068_LC
211923534,129.21515,19.07640,13.32900,GO18011_LC|GO18023_LC|GO18039_LC|GO18049_LC|GO18052_LC|GO18062_LC|GO18068_LC
211923569,128.31001,19.07681,15.28100,GO18011_LC|GO18023_LC|GO18039_LC|GO18062_LC|GO18068_LC
211923642,128.14098,19.07778,18.29000,GO18023_LC|GO18062_LC
211923932,130.22565,19.08201,18.98000,GO18011_LC|GO18023_LC|GO18062_LC
211924229,130.31427,19.08622,15.35100,GO18011_LC|GO18023_LC|GO18039_LC|GO18062_LC|GO18068_LC
211924331,124.22673,19.08782,18.91400,GO18023_LC|GO18062_LC
211924377,130.32959,19.08852,17.04800,GO18011_LC|GO18023_LC|GO18039_LC|GO18062_LC
211924546,129.23665,19.09113,14.01700,GO18011_LC|GO18023_LC|GO18039_LC|GO18062_LC|GO18068_LC
211925013,130.33206,19.09846,18.36300,GO18011_LC|GO18023_LC|GO18039_LC|GO18062_LC
211925093,130.67702,19.09970,11.40800,GO18003_LC|GO18011_LC|GO18023_LC|GO18039_LC|GO18049_LC|GO18062_LC|GO18065_LC
211925297,130.59460,19.10268,17.97800,GO18011_LC|GO18023_LC|GO18062_LC
211925319,130.27696,19.10297,17.57400,GO18011_LC|GO18023_LC|GO18039_LC|GO18062_LC
211925371,129.37936,19.10396,13.36900,GO18011_LC|GO18023_LC|GO18039_LC|GO18049_LC|GO18052_LC|GO18062_LC|GO18068_LC
211925383,133.85838,19.10408,18.13400,GO18011_LC|GO18023_LC|GO18025_LC|GO18062_LC
211925437,130.45866,19.10506,18.30700,GO18011_LC|GO18023_LC|GO18062_LC
211925552,129.44746,19.10688,12.02400,GO18011_LC|GO18023_LC|GO18039_LC|GO18049_LC|GO18062_LC|GO18065_LC
211925563,130.39996,19.10707,13.62100,GO18011_LC|GO18023_LC|GO18039_LC|GO18052_LC|GO18062_LC|GO18068_LC
211925698,130.81612,19.10920,17.41500,GO18011_LC|GO18023_LC|GO18039_LC|GO18062_LC
211926132,129.80072,19.11561,10.45300,GO18003_LC|GO18011_LC|GO18023_LC|GO18039_LC|GO18049_LC|GO18062_LC
211926133,129.91520,19.11562,17.42500,GO18011_LC|GO18023_LC|GO18039_LC|GO18062_LC
211926166,130.62810,19.11606,17.86000,GO18011_LC|GO18023_LC|GO18039_LC|GO18062_LC
211926877,130.35634,19.12739,18.41400,GO18011_LC|GO18023_LC|GO18062_LC
211927174,131.97433,19.13148,17.60700,GO18011_LC|GO18023_LC|GO18039_LC|GO18062_LC
211927189,126.99523,19.13171,18.68000,GO18023_LC|GO18039_LC|GO18062_LC
211927213,129.35999,19.13214,14.15300,GO18011_LC|GO18023_LC|GO18039_LC|GO18062_LC|GO18068_LC
211927269,130.66754,19.13308,11.90600,GO18011_LC|GO18023_LC|GO18039_LC|GO18049_LC|GO18062_LC|GO18065_LC
211927313,129.42651,19.13376,9.79000,GO18003_LC|GO18011_LC|GO18023_LC|GO18039_LC|GO18049_LC|GO18062_LC|GO18065_LC
211927803,129.55597,19.14166,17.82100,GO18011_LC|GO18023_LC|GO18039_LC|GO18062_LC
211927867,130.40085,19.14265,9.35100,GO18003_LC|GO18011_LC|GO18023_LC|GO18026_LC|GO18036_LC|GO18039_LC|GO18049_LC
211928367,132.04254,19.14998,18.23400,GO18011_LC|GO18023_LC|GO18025_LC|GO18039_LC|GO18062_LC
211928486,130.58368,19.15155,13.07900,GO18011_LC|GO18023_LC|GO18039_LC|GO18049_LC|GO18062_LC|GO18068_LC
211928526,131.28561,19.15229,17.86100,GO18011_LC|GO18023_LC|GO18039_LC|GO18062_LC
211928574,131.96051,19.15307,17.55600,GO18011_LC|GO18023_LC|GO18039_LC|GO18062_LC
211928727,130.28961,19.15570,18.69900,GO18011_LC|GO18023_LC|GO18025_LC|GO18039_LC|GO18062_LC
211928926,129.42429,19.15855,18.18600,GO18011_LC|GO18023_LC|GO18025_LC|GO18062_LC
211928930,129.03734,19.15859,16.23000,GO18011_LC|GO18023_LC|GO18039_LC|GO18062_LC|GO18068_LC
211929081,132.10605,19.16095,17.81000,GO18011_LC|GO18023_LC|GO18039_LC|GO18062_LC
211929178,129.36748,19.16233,9.84400,GO18003_LC|GO18011_LC|GO18023_LC|GO18039_LC|GO18049_LC
211929493,132.49740,19.16696,16.93300,GO18011_LC|GO18023_LC|GO18039_LC|GO18062_LC
211929531,130.76007,19.16757,11.87900,GO18011_LC|GO18023_LC|GO18039_LC|GO18049_LC|GO18062_LC|GO18065_LC
211929980,130.21796,19.17445,15.32500,GO18011_LC|GO18023_LC|GO18039_LC|GO18062_LC|GO18068_LC
211930233,129.26442,19.17811,13.16800,GO18011_LC|GO18023_LC|GO18039_LC|GO18049_LC|GO18062_LC|GO18068_LC
211930461,130.08890,19.18177,13.49000,GO18011_LC|GO18023_LC|GO18039_LC|GO18052_LC|GO18062_LC
211930492,129.44550,19.18220,15.46900,GO18011_LC|GO18023_LC|GO18039_LC|GO18062_LC|GO18068_LC
211930699,129.15178,19.18520,14.09400,GO18011_LC|GO18023_LC|GO18039_LC|GO18062_LC|GO18068_LC
211930819,130.22443,19.18711,17.95200,GO18011_LC|GO18023_LC|GO18062_LC
211931128,129.09456,19.19148,12.15100,GO18011_LC|GO18023_LC|GO18039_LC|GO18049_LC|GO18062_LC|GO18065_LC|GO18068_LC
211931411,130.45561,19.19639,13.80000,GO18011_LC|GO18023_LC|GO18039_LC|GO18052_LC|GO18062_LC|GO18068_LC|GO18052_SC
211931651,130.84335,19.20021,16.54500,GO18011_LC|GO18015_LC|GO18023_LC|GO18039_LC|GO18052_LC|GO18062_LC|GO18015_SC|GO18052_SC
211931736,129.99194,19.20165,9.51800,GO18011_LC|GO18023_LC|GO18036_LC|GO18039_LC|GO18049_LC|GO18062_LC
211931872,130.29237,19.20370,18.47100,GO18011_LC|GO18023_LC|GO18039_LC|GO18062_LC
211932539,130.55140,19.21351,13.22500,GO18011_LC|GO18023_LC|GO18039_LC|GO18049_LC|GO18052_LC|GO18062_LC|GO18068_LC
211932810,129.94405,19.21777,14.64000,GO18011_LC|GO18023_LC|GO18039_LC|GO18062_LC|GO18068_LC
211932923,130.10938,19.21942,12.54100,GO18011_LC|GO18023_LC|GO18039_LC|GO18049_LC|GO18062_LC|GO18065_LC|GO18068_LC
211933061,128.31825,19.22148,15.38400,GO18023_LC|GO18068_LC
211933215,130.17459,19.22374,10.46300,GO18011_LC|GO18023_LC|GO18039_LC|GO18049_LC|GO18062_LC|GO18065_LC
211933524,130.16350,19.22829,9.15600,GO18011_LC|GO18023_LC|GO18039_LC|GO18049_LC
211933636,129.03743,19.23002,15.30200,GO18011_LC|GO18023_LC|GO18039_LC|GO18062_LC|GO18068_LC
211934056,129.48764,19.23622,11.64300,GO18011_LC|GO18023_LC|GO18039_LC|GO18049_LC|GO18062_LC|GO18065_LC
211934092,131.36100,19.23689,16.23700,GO18011_LC|GO18023_LC|GO18039_LC|GO18062_LC
211934148,130.78085,19.23762,15.44600,GO18011_LC|GO18023_LC|GO18039_LC|GO18062_LC
211934172,130.24544,19.23798,18.70500,GO18011_LC|GO18023_LC|GO18025_LC|GO18039_LC|GO18062_LC
211934219,133.50552,19.23865,18.18100,GO18011_LC|GO18023_LC|GO18062_LC
211934221,130.78104,19.23869,16.72800,GO18011_LC|GO18023_LC|GO18039_LC|GO18062_LC
211935447,133.87068,19.25651,16.37800,GO18011_LC|GO18023_LC|GO18062_LC
211935509,129.20403,19.25735,11.04500,GO18011_LC|GO18023_LC|GO18026_LC|GO18039_LC|GO18049_LC|GO18062_LC|GO18065_LC
211935518,130.47652,19.25742,11.18100,GO18011_LC|GO18023_LC|GO18039_LC|GO18049_LC|GO18062_LC|GO18065_LC
211935558,129.65617,19.25796,16.30800,GO18011_LC|GO18023_LC|GO18039_LC|GO18062_LC
211935588,127.08418,19.25853,17.35000,GO18011_LC|GO18023_LC|GO18039_LC|GO18062_LC
211935711,129.90181,19.26051,13.82900,GO18011_LC|GO18023_LC|GO18039_LC|GO18062_LC|GO18068_LC
211936017,129.40100,19.26508,13.08000,GO18011_LC|GO18023_LC|GO18039_LC|GO18049_LC|GO18062_LC|GO18068_LC
211936049,130.47230,19.26551,18.38000,GO18011_LC|GO18023_LC|GO18039_LC|GO18062_LC
211936067,130.41261,19.26577,12.73400,GO18011_LC|GO18023_LC|GO18039_LC|GO18049_LC|GO18062_LC|GO18065_LC|GO18068_LC
211936168,130.43956,19.26729,10.07500,GO18003_LC|GO18011_LC|GO18023_LC|GO18039_LC|GO18049_LC|GO18062_LC
211936199,130.55357,19.26774,12.99900,GO18011_LC|GO18023_LC|GO18039_LC|GO18049_LC|GO18062_LC|GO18065_LC|GO18068_LC
211936240,127.04033,19.26835,14.47800,GO18023_LC|GO18039_LC|GO18068_LC
211936457,130.98607,19.27169,19.18500,GO18011_LC|GO18023_LC|GO18039_LC|GO18062_LC
211936622,128.03848,19.27409,13.63800,GO18023_LC|GO18039_LC|GO18068_LC
211936741,128.32497,19.27579,16.93400,GO18011_LC|GO18023_LC|GO18039_LC|GO18062_LC
211936827,130.54791,19.27700,11.90000,GO18011_LC|GO18023_LC|GO18039_LC|GO18049_LC|GO18062_LC|GO18065_LC
211936869,130.36499,19.27761,14.90100,GO18011_LC|GO18023_LC|GO18039_LC|GO18062_LC|GO18068_LC
211936878,130.01038,19.27770,16.04800,GO18011_LC|GO18023_LC|GO18039_LC|GO18062_LC
211936906,130.11433,19.27804,11.01700,GO18011_LC|GO18023_LC|GO18039_LC|GO18049_LC|GO18062_LC|GO18065_LC
211937242,129.27438,19.28303,16.59900,GO18011_LC|GO18023_LC|GO18039_LC|GO18062_LC
211937293,129.73029,19.28381,15.03600,GO18011_LC|GO18023_LC|GO18039_LC|GO18062_LC|GO18063_LC|GO18068_LC
211937468,129.81364,19.28652,15.21800,GO18011_LC|GO18023_LC|GO18039_LC|GO18062_LC|GO18068_LC
211937538,134.00722,19.28764,18.01200,GO18011_LC|GO18023_LC|GO18039_LC|GO18062_LC
211937565,129.04132,19.28796,17.38100,GO18011_LC|GO18023_LC|GO18039_LC|GO18062_LC
211937592,131.15167,19.28827,19.16000,GO18011_LC|GO18023_LC|GO18039_LC|GO18062_LC
211937650,130.76970,19.28909,17.88300,GO18011_LC|GO18023_LC|GO18062_LC
211937872,130.67532,19.29229,14.09000,GO18011_LC|GO18023_LC|GO18039_LC|GO18062_LC|GO18068_LC
211938003,129.68300,19.29400,15.13300,GO18011_LC|GO18023_LC|GO18039_LC|GO18062_LC|GO18063_LC|GO18068_LC
211938090,126.13854,19.29534,16.08700,GO18011_LC|GO18023_LC|GO18039_LC|GO18062_LC|GO18068_LC
211938350,131.27461,19.29931,16.63900,GO18011_LC|GO18023_LC|GO18039_LC|GO18062_LC|GO18063_LC
211938397,128.02226,19.30014,14.57900,GO18011_LC|GO18023_LC|GO18039_LC|GO18062_LC|GO18068_LC
211938509,130.43286,19.30228,14.73300,GO18011_LC|GO18023_LC|GO18039_LC|GO18052_LC|GO18062_LC|GO18068_LC
211938530,130.26312,19.30258,18.59500,GO18011_LC|GO18023_LC|GO18039_LC|GO18062_LC
211938625,133.44449,19.30396,14.20900,GO18011_LC|GO18023_LC|GO18039_LC|GO18062_LC|GO18068_LC
211938817,131.30148,19.30687,18.21000,GO18011_LC|GO18023_LC|GO18039_LC|GO18062_LC
211938860,130.02650,19.30737,10.80200,GO18011_LC|GO18023_LC|GO18039_LC|GO18049_LC|GO18062_LC|GO18065_LC
211938911,129.92732,19.30801,15.96900,GO18011_LC|GO18023_LC|GO18039_LC|GO18062_LC
211938988,129.71265,19.30931,17.24300,GO18011_LC|GO18023_LC|GO18039_LC|GO18062_LC
211939014,130.19203,19.30961,9.58300,GO18023_LC|GO18039_LC|GO18049_LC|GO18062_LC
211939015,130.00296,19.30964,13.81400,GO18011_LC|GO18023_LC|GO18039_LC|GO18052_LC|GO18062_LC|GO18068_LC|GO18052_SC
211939094,129.39044,19.31100,15.27300,GO18011_LC|GO18023_LC|GO18039_LC|GO18062_LC|GO18068_LC
211939206,129.96808,19.31264,10.13700,GO18011_LC|GO18023_LC|GO18039_LC|GO18049_LC|GO18062_LC
211939350,130.55467,19.31470,18.93000,GO18011_LC|GO18023_LC|GO18039_LC|GO18062_LC
211939364,129.91881,19.31498,16.32500,GO18011_LC|GO18023_LC|GO18039_LC|GO18062_LC
211939409,132.85770,19.31567,16.31300,GO18011_LC|GO18023_LC|GO18062_LC|GO18068_LC
211939447,130.99692,19.31616,15.51800,GO18011_LC|GO18023_LC|GO18039_LC|GO18062_LC|GO18068_LC
211939462,129.20395,19.31647,15.53900,GO18011_LC|GO18023_LC|GO18039_LC|GO18062_LC|GO18068_LC
211939484,131.47002,19.31685,15.84900,GO18011_LC|GO18023_LC|GO18039_LC|GO18062_LC|GO18068_LC
211939989,129.81409,19.32457,18.30100,GO18011_LC|GO18023_LC|GO18039_LC|GO18062_LC
211940093,129.75950,19.32624,12.11000,GO18011_LC|GO18023_LC|GO18039_LC|GO18049_LC|GO18062_LC|GO18065_LC
211940224,129.26118,19.32844,15.33700,GO18011_LC|GO18023_LC|GO18039_LC|GO18062_LC|GO18068_LC
211940389,130.62369,19.33128,18.40000,GO18011_LC|GO18023_LC|GO18039_LC|GO18062_LC
211940576,129.81554,19.33402,18.50000,GO18011_LC|GO18023_LC|GO18039_LC|GO18062_LC
211940990,133.55383,19.34005,18.52300,GO18011_LC|GO18023_LC|GO18062_LC
211941071,128.36253,19.34132,14.73900,GO18011_LC|GO18023_LC|GO18039_LC|GO18062_LC|GO18068_LC
211941765,128.98840,19.35179,18.46200,GO18011_LC|GO18023_LC|GO18039_LC|GO18062_LC
211941802,127.71261,19.35247,14.10700,GO18011_LC|GO18023_LC|GO18039_LC|GO18062_LC|GO18068_LC
211942008,127.82053,19.35530,15.04400,GO18011_LC|GO18023_LC|GO18039_LC|GO18062_LC|GO18068_LC
211942703,129.55943,19.36540,10.72700,GO18011_LC|GO18023_LC|GO18039_LC|GO18049_LC|GO18062_LC|GO18065_LC
211942823,129.94063,19.36699,10.54000,GO18011_LC|GO18023_LC|GO18039_LC|GO18049_LC|GO18062_LC|GO18065_LC
211943374,133.54810,19.37515,18.43500,GO18011_LC|GO18023_LC|GO18062_LC
211943375,127.67744,19.37523,18.01800,GO18011_LC|GO18023_LC|GO18039_LC|GO18062_LC
211943550,129.06735,19.37797,17.99700,GO18011_LC|GO18023_LC|GO18039_LC|GO18062_LC
211943613,130.22426,19.37890,14.92000,GO18011_LC|GO18023_LC|GO18039_LC|GO18062_LC|GO18068_LC
211943617,129.82710,19.37895,18.56500,GO18011_LC|GO18023_LC|GO18039_LC|GO18062_LC
211944075,131.01607,19.38510,13.73100,GO18023_LC|GO18039_LC|GO18068_LC
211944193,130.59927,19.38680,16.85600,GO18011_LC|GO18023_LC|GO18039_LC|GO18062_LC
211944807,130.63438,19.39619,10.82500,GO18003_LC|GO18011_LC|GO18023_LC|GO18026_LC|GO18039_LC|GO18049_LC|GO18062_LC|GO18065_LC
211945119,129.97153,19.40105,16.90600,GO18011_LC|GO18023_LC|GO18039_LC|GO18062_LC
211945329,129.76286,19.40433,17.51200,GO18011_LC|GO18023_LC|GO18039_LC|GO18062_LC
211945337,127.75087,19.40446,18.36300,GO18011_LC|GO18023_LC|GO18039_LC|GO18062_LC
211945362,129.88232,19.40489,15.76200,GO18011_LC|GO18023_LC|GO18039_LC|GO18062_LC
211945445,131.18670,19.40616,15.65500,GO18011_LC|GO18015_LC|GO18023_LC|GO18039_LC|GO18052_LC|GO18062_LC|GO18015_SC|GO18052_SC
211945502,130.89064,19.40688,17.54400,GO18011_LC|GO18023_LC|GO18039_LC|GO18062_LC
211945852,130.44904,19.41218,11.29500,GO18011_LC|GO18023_LC|GO18039_LC|GO18049_LC|GO18062_LC
211945980,130.01735,19.41396,16.91600,GO18011_LC|GO18023_LC|GO18039_LC|GO18062_LC
211946007,130.66432,19.41445,16.57000,GO18011_LC|GO18023_LC|GO18039_LC|GO18062_LC
211946016,130.77565,19.41449,16.78500,GO18011_LC|GO18023_LC|GO18039_LC|GO18062_LC
211946055,129.46588,19.41493,12.62500,GO18011_LC|GO18023_LC|GO18039_LC|GO18049_LC|GO18062_LC|GO18065_LC|GO18068_LC
211946063,129.71136,19.41504,15.98800,GO18011_LC|GO18023_LC|GO18039_LC|GO18062_LC|GO18068_LC
211946212,129.35083,19.41699,14.95700,GO18011_LC|GO18023_LC|GO18039_LC|GO18062_LC|GO18068_LC
211946518,129.67274,19.42175,14.02700,GO18011_LC|GO18023_LC|GO18039_LC|GO18062_LC|GO18068_LC
211946664,130.39272,19.42375,16.88100,GO18023_LC|GO18062_LC
211946708,131.46416,19.42435,16.69700,GO18011_LC|GO18023_LC|GO18039_LC|GO18062_LC|GO18068_LC
211946732,129.01389,19.42468,17.75200,GO18011_LC|GO18023_LC|GO18039_LC|GO18062_LC
211946750,129.05954,19.42509,15.79100,GO18011_LC|GO18023_LC|GO18039_LC|GO18062_LC|GO18068_LC
211946907,134.09488,19.42721,15.12000,GO18023_LC|GO18062_LC|GO18063_LC|GO18068_LC
211947006,132.57726,19.42852,12.51300,GO18011_LC|GO18023_LC|GO18039_LC|GO18049_LC|GO18062_LC|GO18065_LC|GO18068_LC
211947056,127.82053,19.42915,18.59700,GO18011_LC|GO18023_LC|GO18062_LC
211947170,128.32341,19.43068,13.38000,GO18011_LC|GO18023_LC|GO18039_LC|GO18049_LC|GO18062_LC|GO18068_LC
211947187,129.56078,19.43087,18.08200,GO18011_LC|GO18023_LC|GO18062_LC
211947420,127.08529,19.43444,15.50900,GO18011_LC|GO18023_LC|GO18039_LC|GO18062_LC|GO18068_LC
211947631,130.77475,19.43757,9.83800,GO18003_LC|GO18011_LC|GO18023_LC|GO18039_LC|GO18049_LC|GO18062_LC|GO18065_LC
211947686,129.44421,19.43834,10.51700,GO18003_LC|GO18011_LC|GO18023_LC|GO18039_LC|GO18049_LC|GO18062_LC|GO18065_LC
211947849,129.90987,19.44087,12.35800,GO18011_LC|GO18023_LC|GO18039_LC|GO18049_LC|GO18062_LC|GO18065_LC|GO18068_LC
211948030,130.27875,19.44362,16.11300,GO18011_LC|GO18023_LC|GO18039_LC|GO18062_LC
211948214,130.50665,19.44614,16.19700,GO18011_LC|GO18023_LC|GO18039_LC|GO18062_LC
211948267,130.28018,19.44692,12.18500,GO18011_LC|GO18023_LC|GO18039_LC|GO18049_LC|GO18062_LC|GO18065_LC|GO18068_LC
211948335,130.24278,19.44791,17.86700,GO18011_LC|GO18023_LC|GO18062_LC
211948484,130.50691,19.45043,17.51000,GO18023_LC|GO18039_LC|GO18062_LC|GO18063_LC
211948895,130.89793,19.45652,17.83300,GO18011_LC|GO18023_LC|GO18039_LC|GO18062_LC|GO18063_LC
211949039,130.06460,19.45862,13.40500,GO18011_LC|GO18023_LC|GO18039_LC|GO18049_LC|GO18052_LC|GO18062_LC|GO18068_LC
211949049,130.45076,19.45867,13.20300,GO18011_LC|GO18023_LC|GO18039_LC|GO18049_LC|GO18062_LC|GO18068_LC
211949097,129.85410,19.45935,10.35000,GO18011_LC|GO18023_LC|GO18039_LC|GO18049_LC|GO18062_LC|GO18065_LC
211949163,129.97673,19.46034,17.44000,GO18011_LC|GO18023_LC|GO18039_LC|GO18062_LC|GO18063_LC|GO18064_LC
211949413,129.48802,19.46388,16.75900,GO18011_LC|GO18023_LC|GO18039_LC|GO18062_LC
211949471,130.09467,19.46477,10.58800,GO18011_LC|GO18023_LC|GO18039_LC|GO18049_LC|GO18062_LC|GO18065_LC
211949501,130.77202,19.46516,14.65400,GO18011_LC|GO18023_LC|GO18039_LC|GO18062_LC|GO18068_LC
211949675,129.94922,19.46760,18.10400,GO18011_LC|GO18023_LC|GO18062_LC
211949728,130.78497,19.46836,16.51700,GO18011_LC|GO18023_LC|GO18039_LC|GO18062_LC|GO18068_LC
211949871,132.02063,19.47050,16.20600,GO18011_LC|GO18023_LC|GO18039_LC|GO18062_LC|GO18068_LC
211950081,129.86911,19.47366,11.38200,GO18011_LC|GO18023_LC|GO18039_LC|GO18049_LC|GO18062_LC|GO18065_LC|GO18068_LC
211950227,130.10643,19.47577,9.81600,GO18011_LC|GO18023_LC|GO18039_LC|GO18049_LC|GO18062_LC|GO18065_LC
211950298,130.79220,19.47668,16.32600,GO18011_LC|GO18023_LC|GO18039_LC|GO18062_LC|GO18068_LC
211950505,127.30625,19.47999,11.04300,GO18023_LC|GO18039_LC|GO18049_LC|GO18062_LC|GO18065_LC
211950696,127.49456,19.48307,17.82400,GO18011_LC|GO18023_LC|GO18039_LC|GO18062_LC
211950716,129.92361,19.48347,17.51800,GO18011_LC|GO18023_LC|GO18039_LC|GO18062_LC
211950844,129.90190,19.48554,14.40100,GO18011_LC|GO18023_LC|GO18039_LC|GO18052_LC|GO18062_LC|GO18068_LC
211950886,129.47868,19.48605,16.82600,GO18011_LC|GO18023_LC|GO18039_LC|GO18062_LC
211950897,129.31818,19.48621,13.33500,GO18011_LC|GO18023_LC|GO18039_LC|GO18049_LC|GO18052_LC|GO18062_LC|GO18068_LC
211950941,129.35995,19.48690,13.38400,GO18011_LC|GO18023_LC|GO18039_LC|GO18049_LC|GO18062_LC|GO18068_LC
211951021,129.32454,19.48808,18.89700,GO18011_LC|GO18023_LC|GO18039_LC|GO18062_LC
211951112,128.29576,19.48950,17.12800,GO18011_LC|GO18023_LC|GO18039_LC|GO18062_LC
211951223,133.16530,19.49127,18.03300,GO18011_LC|GO18023_LC|GO18039_LC|GO18062_LC
211951283,130.62822,19.49196,17.11400,GO18011_LC|GO18023_LC|GO18039_LC|GO18062_LC
211951388,129.47894,19.49360,17.68500,GO18011_LC|GO18023_LC|GO18039_LC|GO18062_LC
211951438,130.46078,19.49433,18.45700,GO18011_LC|GO18023_LC|GO18039_LC|GO18062_LC
211951824,130.17360,19.50022,16.51600,GO18011_LC|GO18015_LC|GO18023_LC|GO18039_LC|GO18062_LC|GO18015_SC
211951863,129.69562,19.50093,9.16800,GO18011_LC|GO18023_LC|GO18030_LC|GO18039_LC|GO18049_LC
211952063,129.70903,19.50420,18.24000,GO18011_LC|GO18023_LC|GO18062_LC
211952381,130.29175,19.50891,10.03100,GO18011_LC|GO18023_LC|GO18039_LC|GO18049_LC|GO18062_LC
211952571,126.42344,19.51181,17.43900,GO18011_LC|GO18023_LC|GO18039_LC|GO18062_LC
211952707,129.45761,19.51409,14.99500,GO18011_LC|GO18023_LC|GO18039_LC|GO18062_LC|GO18068_LC
211952875,130.99142,19.51647,18.95900,GO18011_LC|GO18023_LC|GO18039_LC|GO18062_LC
211953038,130.82681,19.51885,15.92000,GO18011_LC|GO18023_LC|GO18039_LC|GO18062_LC
211953172,130.40587,19.52053,13.17300,GO18011_LC|GO18023_LC|GO18039_LC|GO18049_LC|GO18062_LC|GO18068_LC
211953263,129.38513,19.52163,15.23300,GO18011_LC|GO18023_LC|GO18039_LC|GO18062_LC|GO18068_LC
211953336,129.76712,19.52268,13.33900,GO18011_LC|GO18023_LC|GO18039_LC|GO18049_LC|GO18062_LC|GO18068_LC
211953353,130.26994,19.52291,10.78400,GO18023_LC|GO18062_LC|GO18068_LC
211953521,128.99948,19.52553,12.84700,GO18011_LC|GO18023_LC|GO18039_LC|GO18049_LC|GO18062_LC|GO18065_LC|GO18068_LC
211953567,130.79480,19.52629,11.60300,GO18011_LC|GO18023_LC|GO18039_LC|GO18049_LC|GO18062_LC|GO18065_LC
211953774,130.29710,19.52962,14.92700,GO18011_LC|GO18023_LC|GO18039_LC|GO18062_LC|GO18068_LC
211953944,129.76216,19.53260,15.10900,GO18011_LC|GO18023_LC|GO18039_LC|GO18062_LC|GO18068_LC
211953966,130.67075,19.53291,18.36200,GO18011_LC|GO18023_LC|GO18039_LC|GO18062_LC
211954140,129.26466,19.53598,15.09900,GO18011_LC|GO18023_LC|GO18039_LC|GO18062_LC|GO18068_LC
211954532,129.06830,19.54203,11.33200,GO18011_LC|GO18023_LC|GO18039_LC|GO18049_LC|GO18062_LC|GO18065_LC
211954550,130.36241,19.54247,9.79600,GO18011_LC|GO18023_LC|GO18036_LC|GO18039_LC|GO18049_LC|GO18062_LC
211954582,130.30495,19.54303,13.47800,GO18011_LC|GO18023_LC|GO18052_LC|GO18062_LC|GO18068_LC
211954593,130.66968,19.54319,9.84100,GO18003_LC|GO18011_LC|GO18023_LC|GO18036_LC|GO18039_LC|GO18049_LC|GO18062_LC
211954717,130.51868,19.54521,17.18300,GO18011_LC|GO18023_LC|GO18039_LC|GO18062_LC
211954836,128.07445,19.54709,16.98200,GO18011_LC|GO18023_LC|GO18039_LC|GO18062_LC
211955007,130.38980,19.55008,17.86800,GO18011_LC|GO18023_LC|GO18039_LC|GO18062_LC
211955036,129.96180,19.55057,11.59400,GO18011_LC|GO18023_LC|GO18039_LC|GO18049_LC|GO18062_LC|GO18065_LC
211955047,129.41920,19.55090,16.65800,GO18011_LC|GO18023_LC|GO18039_LC|GO18062_LC
211955066,126.59706,19.55109,17.90300,GO18023_LC|GO18039_LC|GO18062_LC
211955324,131.13277,19.55482,16.97100,GO18011_LC|GO18023_LC|GO18039_LC|GO18062_LC
211955365,127.73113,19.55550,10.63500,GO18003_LC|GO18011_LC|GO18023_LC|GO18039_LC|GO18049_LC|GO18062_LC|GO18065_LC
211955381,131.31024,19.55572,18.44200,GO18011_LC|GO18023_LC|GO18039_LC|GO18062_LC
211955417,129.20654,19.55636,13.31800,GO18011_LC|GO18023_LC|GO18062_LC|GO18068_LC
211955820,129.36642,19.56255,9.92200,GO18003_LC|GO18011_LC|GO18023_LC|GO18032_LC|GO18039_LC|GO18049_LC|GO18062_LC
211956059,130.17700,19.56601,11.19500,GO18011_LC|GO18023_LC|GO18026_LC|GO18039_LC|GO18049_LC|GO18062_LC|GO18065_LC
211956071,126.64507,19.56628,15.75800,GO18011_LC|GO18023_LC|GO18039_LC|GO18062_LC
211956096,129.99930,19.56675,11.59900,GO18011_LC|GO18023_LC|GO18039_LC|GO18049_LC|GO18062_LC|GO18065_LC|GO18068_LC
211956407,129.72305,19.57137,13.65800,GO18011_LC|GO18023_LC|GO18039_LC|GO18052_LC|GO18062_LC|GO18068_LC
211956421,129.52818,19.57161,16.82800,GO18011_LC|GO18023_LC|GO18039_LC|GO18062_LC
211956426,129.67334,19.57169,18.24000,GO18011_LC|GO18023_LC|GO18039_LC|GO18062_LC
211956610,130.80273,19.57473,17.56300,GO18011_LC|GO18023_LC|GO18039_LC|GO18062_LC
211956852,129.99992,19.57792,12.56000,GO18011_LC|GO18023_LC|GO18039_LC|GO18049_LC|GO18062_LC|GO18065_LC|GO18068_LC
211956984,130.68506,19.57996,9.63200,GO18003_LC|GO18011_LC|GO18023_LC|GO18039_LC|GO18049_LC|GO18062_LC
211957616,128.94713,19.58965,17.56300,GO18011_LC|GO18023_LC|GO18039_LC|GO18062_LC
211957804,129.13010,19.59261,16.94700,GO18011_LC|GO18023_LC|GO18039_LC|GO18062_LC
211958252,129.23326,19.59919,16.13400,GO18011_LC|GO18023_LC|GO18039_LC|GO18062_LC|GO18068_LC
211958260,129.44337,19.59929,12.09500,GO18011_LC|GO18023_LC|GO18039_LC|GO18049_LC|GO18062_LC|GO18065_LC
211958562,130.64177,19.60341,15.07300,GO18011_LC|GO18023_LC|GO18039_LC|GO18062_LC|GO18068_LC
211958646,129.25845,19.60478,9.64500,GO18003_LC|GO18011_LC|GO18023_LC|GO18039_LC|GO18049_LC|GO18065_LC
211958687,131.44987,19.60521,16.27100,GO18011_LC|GO18023_LC|GO18039_LC|GO18062_LC
211958800,128.03056,19.60669,18.79200,GO18011_LC|GO18023_LC|GO18039_LC|GO18062_LC
211958885,130.15831,19.60793,18.19500,GO18011_LC|GO18023_LC|GO18062_LC
211958929,130.47330,19.60852,17.80600,GO18011_LC|GO18023_LC|GO18039_LC|GO18062_LC
211959024,130.63528,19.60993,16.49300,GO18023_LC|GO18062_LC
211959273,129.74303,19.61377,13.38000,GO18011_LC|GO18023_LC|GO18039_LC|GO18049_LC|GO18062_LC|GO18068_LC
211959487,130.47821,19.61694,19.13200,GO18011_LC|GO18023_LC|GO18039_LC|GO18062_LC
211959502,129.22517,19.61719,18.03100,GO18011_LC|GO18023_LC|GO18039_LC|GO18062_LC
211959522,129.36479,19.61753,11.44100,GO18011_LC|GO18023_LC|GO18039_LC|GO18049_LC|GO18062_LC|GO18065_LC
211959779,130.04034,19.62143,11.79600,GO18011_LC|GO18023_LC|GO18039_LC|GO18049_LC|GO18062_LC|GO18065_LC
211959781,126.77438,19.62144,17.79500,GO18011_LC|GO18023_LC|GO18039_LC|GO18062_LC
211959786,129.05873,19.62149,12.30400,GO18011_LC|GO18023_LC|GO18039_LC|GO18049_LC|GO18062_LC|GO18065_LC|GO18068_LC
211959857,130.33517,19.62292,15.09200,GO18011_LC|GO18023_LC|GO18039_LC|GO18062_LC|GO18068_LC
211959869,130.68216,19.62316,11.83900,GO18011_LC|GO18023_LC|GO18039_LC|GO18049_LC|GO18062_LC|GO18065_LC|GO18068_LC
211959917,129.03691,19.62396,17.94800,GO18023_LC|GO18062_LC
211960236,133.93188,19.62845,16.28700,GO18023_LC|GO18039_LC|GO18062_LC
211960587,130.13943,19.63360,11.99200,GO18011_LC|GO18023_LC|GO18039_LC|GO18049_LC|GO18062_LC|GO18065_LC|GO18068_LC
211961037,128.93817,19.64058,12.64300,GO18011_LC|GO18023_LC|GO18039_LC|GO18049_LC|GO18062_LC|GO18065_LC|GO18068_LC
211964067,133.56930,19.68739,17.44600,GO18023_LC|GO18025_LC|GO18062_LC
211964245,132.55702,19.69002,17.22700,GO18011_LC|GO18023_LC|GO18039_LC|GO18062_LC
211966226,130.78773,19.71998,17.24900,GO18023_LC|GO18039_LC|GO18062_LC
211966629,130.98634,19.72563,12.91300,GO18011_LC|GO18023_LC|GO18039_LC|GO18049_LC|GO18062_LC|GO18065_LC|GO18068_LC
211966707,126.57273,19.72661,16.94300,GO18011_LC|GO18023_LC|GO18039_LC|GO18062_LC
211967293,130.23620,19.73478,11.98600,GO18011_LC|GO18023_LC|GO18039_LC|GO18049_LC|GO18062_LC|GO18065_LC|GO18068_LC
211967421,129.94481,19.73685,16.86100,GO18023_LC|GO18039_LC|GO18062_LC
211967873,130.88493,19.74382,12.08300,GO18011_LC|GO18023_LC|GO18039_LC|GO18049_LC|GO18062_LC|GO18065_LC|GO18068_LC
211968029,130.49727,19.74585,14.98100,GO18011_LC|GO18023_LC|GO18039_LC|GO18062_LC|GO18068_LC
211968088,130.36952,19.74668,10.83100,GO18011_LC|GO18023_LC|GO18039_LC|GO18049_LC|GO18062_LC|GO18065_LC
211968151,130.31673,19.74760,13.49600,GO18023_LC|GO18049_LC|GO18068_LC
211968228,130.05743,19.74888,15.21300,GO18011_LC|GO18023_LC|GO18039_LC|GO18062_LC|GO18068_LC
211968460,132.12741,19.75202,17.81300,GO18011_LC|GO18023_LC|GO18039_LC|GO18062_LC
211968779,129.77133,19.75734,17.27100,GO18011_LC|GO18023_LC|GO18039_LC|GO18062_LC
211969046,132.02249,19.76202,18.48500,GO18011_LC|GO18023_LC|GO18062_LC
211969170,130.05452,19.76386,18.68000,GO18011_LC|GO18023_LC|GO18062_LC
211969273,129.61555,19.76545,14.90400,GO18011_LC|GO18023_LC|GO18039_LC|GO18062_LC|GO18068_LC
211969494,130.83414,19.76904,10.66300,GO18011_LC|GO18023_LC|GO18039_LC|GO18049_LC|GO18062_LC|GO18065_LC
211969550,130.23679,19.76997,18.99300,GO18011_LC|GO18023_LC|GO18062_LC
211969807,129.63675,19.77383,15.14900,GO18006_LC|GO18011_LC|GO18023_LC|GO18027_LC|GO18039_LC|GO18048_LC|GO18062_LC|GO18068_LC|GO18006_SC|GO18027_SC
211970147,130.05605,19.77881,12.87200,GO18006_LC|GO18011_LC|GO18023_LC|GO18027_LC|GO18039_LC|GO18049_LC|GO18062_LC|GO18065_LC|GO18068_LC|GO18006_SC|GO18027_SC
211970427,129.79106,19.78303,15.07100,GO18011_LC|GO18015_LC|GO18023_LC|GO18039_LC|GO18052_LC|GO18062_LC|GO18068_LC|GO18015_SC|GO18052_SC
211970517,131.35960,19.78439,14.99500,GO18011_LC|GO18023_LC|GO18039_LC|GO18062_LC|GO18068_LC
211970520,130.01733,19.78446,11.82900,GO18011_LC|GO18023_LC|GO18039_LC|GO18049_LC|GO18062_LC|GO18065_LC|GO18068_LC
211970613,129.77898,19.78556,18.81100,GO18011_LC|GO18023_LC|GO18039_LC|GO18062_LC
211970678,129.87251,19.78661,12.31300,GO18011_LC|GO18023_LC|GO18039_LC|GO18049_LC|GO18062_LC|GO18065_LC|GO18068_LC
211970684,129.35207,19.78668,16.86200,GO18011_LC|GO18023_LC|GO18039_LC|GO18062_LC
211970750,130.07343,19.78757,9.84700,GO18011_LC|GO18023_LC|GO18032_LC|GO18036_LC|GO18039_LC|GO18049_LC|GO18062_LC|GO18065_LC
211970861,129.55798,19.78971,14.96200,GO18011_LC|GO18023_LC|GO18039_LC|GO18062_LC
211970874,129.55925,19.78984,13.75700,GO18011_LC|GO18023_LC|GO18039_LC|GO18062_LC
211970966,130.77792,19.79157,13.26700,GO18011_LC|GO18023_LC|GO18039_LC|GO18049_LC|GO18062_LC|GO18068_LC
211970974,131.02913,19.79170,16.71000,GO18011_LC|GO18023_LC|GO18039_LC|GO18062_LC
211971074,131.11055,19.79331,13.62900,GO18011_LC|GO18023_LC|GO18039_LC|GO18052_LC|GO18062_LC|GO18068_LC
211971189,129.81993,19.79522,15.32900,GO18011_LC|GO18023_LC|GO18039_LC|GO18062_LC|GO18068_LC
211971354,127.91856,19.79840,14.34200,GO18011_LC|GO18023_LC|GO18039_LC|GO18062_LC|GO18068_LC
211971356,129.91498,19.79842,18.14300,GO18011_LC|GO18023_LC|GO18062_LC
211971468,129.89444,19.80008,15.61900,GO18011_LC|GO18023_LC|GO18039_LC|GO18062_LC|GO18068_LC
211971690,129.29785,19.80369,11.14500,GO18003_LC|GO18011_LC|GO18023_LC|GO18026_LC|GO18039_LC|GO18049_LC|GO18062_LC|GO18065_LC
211971819,126.96230,19.80578,15.14000,GO18011_LC|GO18023_LC|GO18039_LC|GO18062_LC|GO18068_LC
211971871,130.00260,19.80656,10.21700,GO18011_LC|GO18023_LC|GO18039_LC|GO18049_LC|GO18062_LC
211972086,132.70769,19.81013,16.69600,GO18011_LC|GO18023_LC|GO18039_LC|GO18062_LC
211972445,131.23853,19.81554,16.21200,GO18011_LC|GO18023_LC|GO18039_LC|GO18062_LC
211972472,130.56459,19.81601,16.34800,GO18011_LC|GO18023_LC|GO18039_LC|GO18062_LC
211972478,129.90479,19.81611,14.55100,GO18011_LC|GO18023_LC|GO18039_LC|GO18062_LC|GO18068_LC
211972627,130.29294,19.81861,11.35300,GO18011_LC|GO18023_LC|GO18026_LC|GO18039_LC|GO18049_LC|GO18062_LC|GO18065_LC
211973202,132.00539,19.82755,17.59100,GO18011_LC|GO18023_LC|GO18039_LC|GO18062_LC
211973205,129.94610,19.82763,12.46800,GO18011_LC|GO18023_LC|GO18039_LC|GO18049_LC|GO18062_LC|GO18065_LC|GO18068_LC
211973218,131.34312,19.82781,16.65200,GO18011_LC|GO18023_LC|GO18039_LC|GO18062_LC|GO18068_LC
211973228,130.86497,19.82794,16.92500,GO18011_LC|GO18023_LC|GO18039_LC|GO18062_LC
211973504,130.42393,19.83264,16.92600,GO18011_LC|GO18023_LC|GO18039_LC|GO18062_LC
211973540,132.46442,19.83321,17.65900,GO18011_LC|GO18023_LC|GO18062_LC
211973710,130.55688,19.83573,15.31400,GO18011_LC|GO18023_LC|GO18039_LC|GO18062_LC|GO18068_LC
211973760,132.09825,19.83660,16.03800,GO18011_LC|GO18023_LC|GO18039_LC|GO18062_LC
211974178,129.73117,19.84263,17.67700,GO18011_LC|GO18023_LC|GO18039_LC|GO18062_LC
211974283,127.08723,19.84404,10.76900,GO18011_LC|GO18023_LC|GO18039_LC|GO18049_LC|GO18062_LC|GO18065_LC
211974687,128.95944,19.85004,17.69500,GO18011_LC|GO18023_LC|GO18039_LC|GO18062_LC
211974702,130.13202,19.85029,11.44900,GO18011_LC|GO18023_LC|GO18039_LC|GO18049_LC|GO18062_LC|GO18065_LC
211974724,129.71265,19.85059,16.29200,GO18011_LC|GO18023_LC|GO18039_LC|GO18062_LC|GO18068_LC
211975002,132.84676,19.85510,18.73700,GO18011_LC|GO18023_LC|GO18039_LC|GO18062_LC
211975006,130.29001,19.85518,10.49000,GO18011_LC|GO18023_LC|GO18039_LC|GO18049_LC|GO18062_LC|GO18065_LC
211975354,129.72087,19.86012,17.46800,GO18011_LC|GO18023_LC|GO18062_LC
211975426,129.84105,19.86121,12.27900,GO18011_LC|GO18023_LC|GO18039_LC|GO18049_LC|GO18062_LC|GO18065_LC|GO18068_LC
211975504,129.72586,19.86240,18.68400,GO18011_LC|GO18023_LC|GO18039_LC|GO18062_LC
211975510,129.62346,19.86249,13.54500,GO18011_LC|GO18023_LC|GO18039_LC|GO18062_LC|GO18068_LC
211975518,130.71779,19.86264,15.03100,GO18011_LC|GO18015_LC|GO18023_LC|GO18039_LC|GO18062_LC|GO18068_LC|GO18015_SC
211975634,131.41795,19.86446,17.22700,GO18011_LC|GO18023_LC|GO18025_LC|GO18062_LC
211975638,130.23207,19.86452,12.40900,GO18023_LC|GO18049_LC|GO18062_LC|GO18065_LC
211975682,129.11300,19.86518,14.58300,GO18011_LC|GO18023_LC|GO18039_LC|GO18062_LC|GO18068_LC
211975927,129.25899,19.86873,17.28800,GO18011_LC|GO18023_LC|GO18025_LC|GO18062_LC
211976081,128.94490,19.87092,14.01600,GO18011_LC|GO18023_LC|GO18039_LC|GO18062_LC|GO18068_LC
211976435,129.56047,19.87639,16.71100,GO18011_LC|GO18023_LC|GO18062_LC
211976466,130.36170,19.87686,18.08200,GO18011_LC|GO18023_LC|GO18039_LC|GO18062_LC
211976535,129.04760,19.87785,14.83500,GO18011_LC|GO18023_LC|GO18039_LC|GO18062_LC|GO18068_LC
211976838,128.35258,19.88275,16.07600,GO18011_LC|GO18023_LC|GO18039_LC|GO18062_LC
211977390,129.45813,19.89135,11.17700,GO18011_LC|GO18023_LC|GO18039_LC|GO18049_LC|GO18062_LC|GO18065_LC|GO18068_LC
211977843,129.07985,19.89859,16.37400,GO18011_LC|GO18023_LC|GO18039_LC|GO18062_LC
211977959,130.28554,19.90051,18.73300,GO18011_LC|GO18023_LC|GO18025_LC|GO18062_LC
211977997,130.75780,19.90128,18.42500,GO18011_LC|GO18023_LC|GO18039_LC|GO18062_LC
211978157,129.36623,19.90352,15.70200,GO18011_LC|GO18023_LC|GO18039_LC|GO18062_LC
211978243,127.00412,19.90479,12.49000,GO18011_LC|GO18023_LC|GO18039_LC|GO18049_LC|GO18062_LC|GO18065_LC|GO18068_LC
211978779,130.96590,19.91361,13.75000,GO18011_LC|GO18023_LC|GO18039_LC|GO18052_LC|GO18062_LC|GO18068_LC
211978879,129.13908,19.91507,15.22100,GO18011_LC|GO18023_LC|GO18039_LC|GO18062_LC|GO18068_LC
211978880,130.06546,19.91507,12.32900,GO18011_LC|GO18023_LC|GO18039_LC|GO18062_LC|GO18068_LC
211978972,132.03105,19.91644,17.55000,GO18011_LC|GO18023_LC|GO18039_LC|GO18062_LC
211978983,130.01530,19.91653,15.55100,GO18011_LC|GO18023_LC|GO18039_LC|GO18062_LC|GO18068_LC
211979060,130.71043,19.91773,16.46000,GO18011_LC|GO18023_LC|GO18039_LC|GO18062_LC
211979237,129.01846,19.92027,14.10900,GO18011_LC|GO18023_LC|GO18039_LC|GO18062_LC|GO18068_LC
211979250,129.12709,19.92054,18.27400,GO18011_LC|GO18023_LC|GO18039_LC|GO18062_LC
211979334,130.20134,19.92191,10.90100,GO18011_LC|GO18023_LC|GO18039_LC|GO18049_LC|GO18062_LC|GO18065_LC
211980019,132.14378,19.93262,15.04900,GO18011_LC|GO18023_LC|GO18039_LC|GO18062_LC|GO18068_LC
211980039,130.12746,19.93302,16.14800,GO18011_LC|GO18023_LC|GO18039_LC|GO18062_LC|GO18068_LC
211980169,130.29387,19.93517,15.20700,GO18011_LC|GO18023_LC|GO18039_LC|GO18062_LC|GO18068_LC
211980180,130.29080,19.93535,13.16700,GO18011_LC|GO18023_LC|GO18039_LC|GO18049_LC|GO18062_LC|GO18068_LC
211980234,127.51106,19.93642,16.70300,GO18011_LC|GO18023_LC|GO18025_LC|GO18039_LC|GO18062_LC
211980252,131.08852,19.93660,16.32100,GO18011_LC|GO18023_LC|GO18039_LC|GO18062_LC
211980375,127.78689,19.93855,18.10500,GO18023_LC|GO18039_LC|GO18062_LC
211980450,130.16406,19.93997,16.79800,GO18011_LC|GO18023_LC|GO18039_LC|GO18062_LC
211980574,130.21608,19.94177,15.67100,GO18023_LC|GO18039_LC|GO18062_LC
211980640,129.47810,19.94274,16.93900,GO18011_LC|GO18023_LC|GO18062_LC
211980688,130.35767,19.94357,10.60900,GO18011_LC|GO18023_LC|GO18026_LC|GO18039_LC|GO18049_LC|GO18062_LC|GO18065_LC
211981232,128.39378,19.95165,18.72100,GO18011_LC|GO18023_LC|GO18039_LC|GO18062_LC
211981243,132.65056,19.95187,18.65900,GO18011_LC|GO18023_LC|GO18039_LC|GO18062_LC
211981412,129.88223,19.95462,18.47600,GO18011_LC|GO18023_LC|GO18062_LC
211981509,128.16446,19.95619,12.02700,GO18011_LC|GO18023_LC|GO18039_LC|GO18049_LC|GO18062_LC|GO18065_LC
211981575,129.03584,19.95706,17.51700,GO18011_LC|GO18023_LC|GO18039_LC|GO18062_LC
211981626,129.28189,19.95763,16.88700,GO18011_LC|GO18023_LC|GO18039_LC|GO18062_LC
211981630,130.35368,19.95765,18.52500,GO18011_LC|GO18023_LC|GO18025_LC|GO18062_LC
211981687,129.00676,19.95871,18.88200,GO18011_LC|GO18023_LC|GO18039_LC|GO18062_LC
211981916,130.43200,19.96214,12.12500,GO18011_LC|GO18023_LC|GO18039_LC|GO18049_LC|GO18062_LC|GO18065_LC|GO18068_LC
211981954,129.45550,19.96290,18.93100,GO18011_LC|GO18023_LC|GO18039_LC|GO18062_LC
211982230,129.87895,19.96720,15.77800,GO18011_LC|GO18023_LC|GO18039_LC|GO18062_LC
211982334,130.39096,19.96909,11.52200,GO18011_LC|GO18023_LC|GO18039_LC|GO18049_LC|GO18062_LC|GO18065_LC
211982727,130.62453,19.97547,18.02600,GO18011_LC|GO18023_LC|GO18039_LC|GO18062_LC
211982734,130.37000,19.97559,15.35500,GO18011_LC|GO18023_LC|GO18039_LC|GO18062_LC|GO18068_LC
211982810,128.21767,19.97665,12.73500,GO18011_LC|GO18023_LC|GO18039_LC|GO18049_LC|GO18062_LC|GO18065_LC|GO18068_LC
211982945,129.50475,19.97861,17.09300,GO18011_LC|GO18023_LC|GO18039_LC|GO18062_LC
211983023,128.00786,19.97977,17.30200,GO18011_LC|GO18023_LC|GO18039_LC|GO18062_LC
211983132,130.33919,19.98155,17.80700,GO18011_LC|GO18023_LC|GO18062_LC
211983210,128.11894,19.98296,18.42900,GO18011_LC|GO18023_LC|GO18025_LC|GO18062_LC
211983461,129.46706,19.98720,11.11700,GO18011_LC|GO18023_LC|GO18039_LC|GO18049_LC|GO18062_LC|GO18065_LC
211983476,130.35844,19.98755,16.97300,GO18011_LC|GO18023_LC|GO18039_LC|GO18062_LC
211983499,129.53159,19.98787,11.82700,GO18011_LC|GO18023_LC|GO18039_LC|GO18049_LC|GO18062_LC|GO18065_LC|GO18068_LC
211983544,130.65675,19.98861,17.44500,GO18011_LC|GO18015_LC|GO18023_LC|GO18039_LC|GO18062_LC|GO18015_SC
211983725,129.92096,19.99134,14.63900,GO18011_LC|GO18015_LC|GO18023_LC|GO18039_LC|GO18052_LC|GO18062_LC|GO18068_LC|GO18015_SC|GO18052_SC
211983811,130.88594,19.99250,16.02300,GO18011_LC|GO18023_LC|GO18039_LC|GO18062_LC
211984058,129.67204,19.99643,17.72200,GO18011_LC|GO18023_LC|GO18039_LC|GO18062_LC
211984100,130.44974,19.99725,19.02000,GO18011_LC|GO18023_LC|GO18039_LC|GO18062_LC
211984130,128.19498,19.99772,16.02300,GO18011_LC|GO18023_LC|GO18039_LC|GO18062_LC
211984209,124.06473,19.99916,13.09000,GO18023_LC|GO18039_LC|GO18049_LC|GO18062_LC|GO18068_LC
211984495,130.80527,20.00446,18.79600,GO18011_LC|GO18023_LC|GO18039_LC|GO18062_LC
211984991,133.15549,20.01204,14.77100,GO18023_LC|GO18039_LC|GO18068_LC
211985346,129.96985,20.01811,15.97900,GO18011_LC|GO18023_LC|GO18039_LC|GO18062_LC
211985566,129.81055,20.02201,14.99400,GO18011_LC|GO18023_LC|GO18039_LC|GO18062_LC|GO18068_LC
211985684,126.03889,20.02361,15.29500,GO18011_LC|GO18023_LC|GO18039_LC|GO18062_LC|GO18068_LC
211985906,129.83519,20.02696,17.07400,GO18011_LC|GO18023_LC|GO18025_LC|GO18062_LC
211985987,129.92398,20.02825,14.78800,GO18011_LC|GO18023_LC|GO18039_LC|GO18062_LC|GO18068_LC
211986176,129.99615,20.03141,9.39000,GO18011_LC|GO18023_LC|GO18039_LC|GO18049_LC|GO18065_LC
211986473,130.58386,20.03659,9.67400,GO18003_LC|GO18011_LC|GO18023_LC|GO18026_LC|GO18032_LC|GO18039_LC|GO18049_LC|GO18065_LC
211986537,130.31422,20.03777,13.69500,GO18011_LC|GO18023_LC|GO18039_LC|GO18052_LC|GO18062_LC|GO18068_LC
211986948,129.76340,20.04378,13.80200,GO18011_LC|GO18023_LC|GO18039_LC|GO18052_LC|GO18062_LC|GO18068_LC|GO18052_SC
211987717,130.58797,20.05580,17.35500,GO18011_LC|GO18023_LC|GO18039_LC|GO18062_LC
211987847,130.05460,20.05781,16.21500,GO18011_LC|GO18023_LC|GO18039_LC|GO18062_LC|GO18068_LC
211988223,129.53336,20.06404,16.80500,GO18011_LC|GO18023_LC|GO18039_LC|GO18062_LC
211988287,129.97943,20.06502,10.07600,GO18011_LC|GO18023_LC|GO18026_LC|GO18039_LC|GO18049_LC|GO18062_LC|GO18065_LC
211988324,130.81345,20.06557,13.03600,GO18011_LC|GO18023_LC|GO18039_LC|GO18049_LC|GO18062_LC|GO18068_LC
211988451,130.04774,20.06758,15.78900,GO18011_LC|GO18023_LC|GO18039_LC|GO18062_LC|GO18068_LC
211988454,129.70837,20.06762,10.63600,GO18003_LC|GO18011_LC|GO18023_LC|GO18039_LC|GO18049_LC|GO18062_LC|GO18065_LC
211988531,129.87675,20.06905,10.16700,GO18011_LC|GO18023_LC|GO18039_LC|GO18049_LC|GO18062_LC|GO18065_LC
211988628,129.81583,20.07058,14.10600,GO18011_LC|GO18023_LC|GO18039_LC|GO18062_LC|GO18068_LC
211988700,130.73645,20.07172,16.85600,GO18011_LC|GO18023_LC|GO18039_LC|GO18062_LC
211988831,128.39145,20.07379,16.25900,GO18011_LC|GO18023_LC|GO18039_LC|GO18062_LC|GO18068_LC
211988832,130.83390,20.07385,18.23600,GO18011_LC|GO18023_LC|GO18039_LC|GO18062_LC
211988997,130.45604,20.07673,15.12100,GO18011_LC|GO18023_LC|GO18039_LC|GO18062_LC|GO18068_LC
211989060,128.99774,20.07793,17.09300,GO18011_LC|GO18023_LC|GO18039_LC|GO18062_LC
211989144,130.83456,20.07933,17.69400,GO18011_LC|GO18023_LC|GO18039_LC|GO18062_LC
211989185,128.13924,20.08010,13.00400,GO18011_LC|GO18023_LC|GO18039_LC|GO18062_LC|GO18068_LC
211989299,129.84352,20.08198,15.59800,GO18011_LC|GO18023_LC|GO18039_LC|GO18062_LC|GO18068_LC
211989620,130.06335,20.08723,16.95200,GO18011_LC|GO18023_LC|GO18039_LC|GO18062_LC
211989941,129.44118,20.09225,17.42100,GO18011_LC|GO18023_LC|GO18039_LC|GO18062_LC
211989950,130.56935,20.09236,13.63500,GO18011_LC|GO18023_LC|GO18039_LC|GO18052_LC|GO18062_LC|GO18068_LC
211990019,129.59113,20.09325,18.40100,GO18011_LC|GO18023_LC|GO18039_LC|GO18062_LC
211990313,130.11864,20.09759,16.66500,GO18011_LC|GO18023_LC|GO18062_LC
211990403,131.24956,20.09898,16.75600,GO18023_LC|GO18039_LC
211990578,130.38550,20.10191,17.78800,GO18011_LC|GO18023_LC|GO18039_LC|GO18062_LC
211990690,129.26846,20.10359,15.28700,GO18011_LC|GO18023_LC|GO18039_LC|GO18062_LC|GO18068_LC
211990768,127.11223,20.10476,17.43600,GO18011_LC|GO18023_LC|GO18039_LC|GO18062_LC
211990785,130.33098,20.10506,13.31800,GO18011_LC|GO18023_LC|GO18039_LC|GO18049_LC|GO18062_LC|GO18068_LC
211990866,129.60126,20.10606,10.40800,GO18006_LC|GO18011_LC|GO18023_LC|GO18027_LC|GO18036_LC|GO18039_LC|GO18049_LC|GO18062_LC|GO18065_LC|GO18006_SC|GO18027_SC|GO18036_SC
211990908,130.09296,20.10677,10.04200,GO18003_LC|GO18011_LC|GO18023_LC|GO18039_LC|GO18049_LC|GO18062_LC|GO18065_LC
211990953,130.49516,20.10751,12.79800,GO18011_LC|GO18023_LC|GO18039_LC|GO18049_LC|GO18062_LC|GO18065_LC|GO18068_LC
211991074,129.35526,20.10973,17.91500,GO18011_LC|GO18023_LC|GO18039_LC|GO18062_LC
211991549,129.08499,20.11678,16.06900,GO18011_LC|GO18023_LC|GO18039_LC|GO18062_LC|GO18063_LC
211991571,129.77180,20.11717,9.50300,GO18003_LC|GO18011_LC|GO18023_LC|GO18030_LC|GO18039_LC|GO18049_LC|GO18065_LC
211991662,129.09340,20.11862,17.57500,GO18011_LC|GO18023_LC|GO18039_LC|GO18062_LC
211991742,130.99821,20.11969,18.42600,GO18011_LC|GO18023_LC|GO18062_LC
211991772,129.06625,20.12026,14.72000,GO18011_LC|GO18023_LC|GO18039_LC|GO18062_LC|GO18068_LC
211991806,128.24828,20.12081,18.21300,GO18011_LC|GO18023_LC|GO18039_LC|GO18062_LC
211991949,129.52443,20.12282,17.28200,GO18011_LC|GO18023_LC|GO18062_LC
211992034,129.19050,20.12395,11.42400,GO18011_LC|GO18023_LC|GO18026_LC|GO18039_LC|GO18049_LC|GO18062_LC|GO18065_LC
211992053,129.93839,20.12430,15.32800,GO18011_LC|GO18023_LC|GO18039_LC|GO18062_LC|GO18068_LC
211992423,128.28108,20.13006,13.82800,GO18011_LC|GO18023_LC|GO18039_LC|GO18052_LC|GO18062_LC|GO18068_LC
211992451,130.35193,20.13042,14.88700,GO18011_LC|GO18023_LC|GO18039_LC|GO18062_LC|GO18068_LC
211992683,129.55186,20.13406,18.28700,GO18011_LC|GO18023_LC|GO18039_LC|GO18062_LC
211992776,130.00540,20.13563,9.72600,GO18003_LC|GO18011_LC|GO18023_LC|GO18039_LC|GO18049_LC|GO18062_LC|GO18065_LC
211992843,129.47737,20.13676,14.96300,GO18011_LC|GO18023_LC|GO18039_LC|GO18062_LC|GO18068_LC
211992880,129.58958,20.13738,18.06500,GO18011_LC|GO18023_LC|GO18039_LC|GO18062_LC
211993172,130.65416,20.14216,13.46300,GO18011_LC|GO18023_LC|GO18039_LC|GO18049_LC|GO18052_LC|GO18062_LC|GO18068_LC
211993420,129.18756,20.14608,17.97000,GO18011_LC|GO18023_LC|GO18039_LC|GO18062_LC
211993552,132.54277,20.14861,14.37900,GO18011_LC|GO18023_LC|GO18039_LC|GO18062_LC|GO18068_LC
211994121,129.99323,20.15826,9.18200,GO18011_LC|GO18023_LC|GO18030_LC|GO18039_LC|GO18049_LC
211994382,129.52802,20.16237,18.26600,GO18011_LC|GO18023_LC|GO18039_LC|GO18062_LC
211994672,130.46660,20.16698,11.73200,GO18011_LC|GO18023_LC|GO18039_LC|GO18049_LC|GO18062_LC|GO18065_LC
211994890,132.15422,20.17042,18.34300,GO18011_LC|GO18023_LC|GO18062_LC
211994910,129.66277,20.17080,16.15100,GO18011_LC|GO18023_LC|GO18039_LC|GO18062_LC|GO18063_LC|GO18068_LC
211994941,128.18443,20.17144,17.80000,GO18008_LC|GO18011_LC|GO18023_LC|GO18025_LC|GO18057_LC|GO18062_LC
211995082,131.41875,20.17375,16.34300,GO18011_LC|GO18023_LC|GO18039_LC|GO18062_LC|GO18063_LC
211995288,129.34262,20.17702,11.20100,GO18011_LC|GO18023_LC|GO18039_LC|GO18049_LC|GO18062_LC|GO18065_LC
211995540,129.73845,20.18154,13.36800,GO18011_LC|GO18023_LC|GO18039_LC|GO18049_LC|GO18052_LC|GO18062_LC|GO18068_LC
211995547,130.59006,20.18164,9.36000,GO18003_LC|GO18011_LC|GO18023_LC|GO18026_LC|GO18030_LC|GO18039_LC|GO18049_LC
211995609,126.64669,20.18239,13.81200,GO18011_LC|GO18023_LC|GO18039_LC|GO18062_LC|GO18068_LC
211996051,130.89807,20.18959,10.02100,GO18003_LC|GO18011_LC|GO18023_LC|GO18039_LC|GO18049_LC|GO18062_LC|GO18065_LC
211996186,130.07890,20.19183,12.46100,GO18011_LC|GO18023_LC|GO18039_LC|GO18062_LC|GO18068_LC
211996321,131.16982,20.19364,13.77300,GO18011_LC|GO18023_LC|GO18039_LC|GO18052_LC|GO18062_LC|GO18068_LC
211996355,132.79820,20.19426,16.55800,GO18011_LC|GO18023_LC|GO18062_LC
211996831,130.13270,20.20169,11.28400,GO18003_LC|GO18011_LC|GO18023_LC|GO18039_LC|GO18049_LC|GO18062_LC|GO18065_LC
211997061,129.09094,20.20548,15.80200,GO18011_LC|GO18023_LC|GO18039_LC|GO18062_LC|GO18068_LC
211997350,130.40573,20.21024,17.32000,GO18011_LC|GO18023_LC|GO18039_LC|GO18062_LC
211997380,129.81252,20.21079,11.09100,GO18003_LC|GO18011_LC|GO18023_LC|GO18039_LC|GO18049_LC|GO18062_LC|GO18065_LC
211997576,130.24200,20.21400,17.32200,GO18011_LC|GO18023_LC|GO18039_LC|GO18062_LC|GO18063_LC
211997741,131.04851,20.21668,16.23600,GO18011_LC|GO18023_LC|GO18039_LC|GO18062_LC
211997840,126.87770,20.21829,13.84500,GO18011_LC|GO18023_LC|GO18039_LC|GO18062_LC|GO18068_LC
211997857,130.03397,20.21851,18.51200,GO18011_LC|GO18023_LC|GO18039_LC|GO18062_LC
211997888,129.72987,20.21916,16.43100,GO18011_LC|GO18023_LC|GO18039_LC|GO18062_LC
211997901,131.49733,20.21940,19.03200,GO18011_LC|GO18023_LC|GO18062_LC
211998019,126.35432,20.22159,15.21400,GO18011_LC|GO18023_LC|GO18039_LC|GO18062_LC|GO18068_LC
211998178,129.39610,20.22405,14.63300,GO18011_LC|GO18023_LC|GO18039_LC|GO18062_LC|GO18068_LC
211998192,132.20476,20.22427,15.05200,GO18011_LC|GO18023_LC|GO18039_LC|GO18062_LC|GO18068_LC
211998346,130.43257,20.22687,10.35200,GO18003_LC|GO18011_LC|GO18023_LC|GO18039_LC|GO18049_LC|GO18062_LC|GO18065_LC
211998436,129.11794,20.22859,12.29200,GO18011_LC|GO18023_LC|GO18039_LC|GO18049_LC|GO18062_LC|GO18065_LC|GO18068_LC
211998490,132.20142,20.22943,17.31100,GO18011_LC|GO18023_LC|GO18062_LC
211998650,131.09673,20.23214,17.52600,GO18011_LC|GO18023_LC|GO18039_LC|GO18062_LC
211998711,133.35536,20.23317,19.01000,GO18023_LC|GO18062_LC
211998837,132.35019,20.23515,16.44500,GO18011_LC|GO18023_LC|GO18039_LC|GO18062_LC
211999343,126.96085,20.24342,14.19400,GO18011_LC|GO18023_LC|GO18039_LC|GO18062_LC|GO18068_LC
211999627,133.38762,20.24824,17.13100,GO18011_LC|GO18023_LC|GO18039_LC|GO18062_LC
211999629,123.24715,20.24826,16.36300,GO18023_LC|GO18062_LC|GO18068_LC
211999969,130.11072,20.25369,15.35400,GO18011_LC|GO18023_LC|GO18039_LC|GO18062_LC|GO18068_LC
212000760,128.96698,20.26634,18.49000,GO18011_LC|GO18023_LC|GO18039_LC|GO18062_LC
212000804,129.33844,20.26720,12.58600,GO18023_LC|GO18062_LC|GO18068_LC
212000823,129.26878,20.26759,19.74900,GO18011_LC|GO18023_LC|GO18025_LC|GO18062_LC
212001169,129.17575,20.27306,17.67500,GO18011_LC|GO18023_LC|GO18039_LC|GO18062_LC
212001264,129.59401,20.27455,18.20400,GO18011_LC|GO18023_LC|GO18062_LC
212001288,129.14546,20.27520,15.35100,GO18011_LC|GO18023_LC|GO18039_LC|GO18062_LC|GO18068_LC
212001425,129.17162,20.27776,16.42300,GO18011_LC|GO18023_LC|GO18039_LC|GO18062_LC
212001530,127.59583,20.27942,17.80700,GO18011_LC|GO18023_LC|GO18025_LC|GO18062_LC
212001727,133.25089,20.28315,12.22000,GO18023_LC|GO18039_LC|GO18049_LC|GO18050_LC|GO18065_LC|GO18068_LC
212002216,131.20296,20.29055,12.52000,GO18011_LC|GO18023_LC|GO18039_LC|GO18049_LC|GO18062_LC|GO18065_LC|GO18068_LC
212002298,129.83171,20.29183,17.30600,GO18011_LC|GO18023_LC|GO18039_LC|GO18062_LC
212002420,130.84773,20.29402,18.07100,GO18011_LC|GO18023_LC|GO18062_LC
212002525,129.92514,20.29585,17.25100,GO18011_LC|GO18023_LC|GO18039_LC|GO18062_LC
212002808,128.34785,20.30091,18.67400,GO18011_LC|GO18023_LC|GO18039_LC|GO18062_LC
212003318,129.57066,20.30981,17.50600,GO18011_LC|GO18023_LC|GO18039_LC|GO18062_LC
212003469,130.11932,20.31246,11.31900,GO18011_LC|GO18023_LC|GO18039_LC|GO18049_LC|GO18062_LC|GO18065_LC|GO18068_LC
212003867,130.42400,20.31901,17.04300,GO18011_LC|GO18023_LC|GO18039_LC|GO18062_LC
212003893,129.23576,20.31948,14.25700,GO18011_LC|GO18023_LC|GO18039_LC|GO18062_LC|GO18068_LC
212004774,130.71051,20.33443,18.41000,GO18011_LC|GO18023_LC|GO18039_LC|GO18062_LC
212004983,130.75227,20.33780,11.22600,GO18011_LC|GO18023_LC|GO18039_LC|GO18049_LC|GO18062_LC|GO18065_LC
212005017,130.15787,20.33829,14.35800,GO18011_LC|GO18023_LC|GO18039_LC|GO18052_LC|GO18062_LC|GO18068_LC|GO18052_SC
212005204,131.14374,20.34154,16.28700,GO18011_LC|GO18023_LC|GO18039_LC|GO18062_LC
212005503,130.46631,20.34662,15.29300,GO18011_LC|GO18023_LC|GO18039_LC|GO18062_LC|GO18068_LC
212005504,130.33693,20.34664,15.51400,GO18011_LC|GO18023_LC|GO18039_LC|GO18062_LC|GO18068_LC
212005551,130.04419,20.34737,17.91300,GO18011_LC|GO18023_LC|GO18039_LC|GO18062_LC
212005583,130.30725,20.34771,15.70500,GO18023_LC
212005623,129.77863,20.34841,15.15700,GO18011_LC|GO18023_LC|GO18039_LC|GO18062_LC|GO18068_LC
212006108,129.60571,20.35584,17.33200,GO18011_LC|GO18023_LC|GO18039_LC|GO18062_LC
212006227,131.26760,20.35774,10.21300,GO18003_LC|GO18011_LC|GO18023_LC|GO18039_LC|GO18049_LC|GO18062_LC|GO18065_LC
212006723,130.96188,20.36576,14.75800,GO18011_LC|GO18023_LC|GO18039_LC|GO18062_LC|GO18068_LC
212006725,126.34265,20.36577,17.68300,GO18011_LC|GO18015_LC|GO18023_LC|GO18025_LC|GO18039_LC|GO18052_LC|GO18057_LC|GO18062_LC|GO18015_SC|GO18052_SC
212007145,130.00562,20.37294,18.54700,GO18011_LC|GO18023_LC|GO18039_LC|GO18062_LC
212007343,129.16449,20.37610,16.73800,GO18011_LC|GO18023_LC|GO18039_LC|GO18062_LC
212007419,130.29610,20.37737,15.13200,GO18011_LC|GO18023_LC|GO18039_LC|GO18062_LC|GO18068_LC
212007988,130.04271,20.38696,17.89300,GO18011_LC|GO18023_LC|GO18062_LC
212008129,130.44969,20.38962,18.61100,GO18011_LC|GO18023_LC|GO18039_LC|GO18062_LC
212008490,131.28062,20.39497,11.65200,GO18023_LC|GO18039_LC|GO18049_LC|GO18062_LC|GO18065_LC
212008710,133.75934,20.39835,13.55500,GO18011_LC|GO18023_LC|GO18039_LC|GO18062_LC|GO18068_LC
212008913,132.00099,20.40190,16.75700,GO18011_LC|GO18023_LC|GO18039_LC|GO18062_LC
212009131,127.89980,20.40535,18.87100,GO18011_LC|GO18023_LC|GO18039_LC|GO18062_LC
212009190,129.24956,20.40651,14.22100,GO18011_LC|GO18023_LC|GO18039_LC|GO18062_LC|GO18068_LC
212009237,127.67308,20.40742,17.49500,GO18023_LC|GO18039_LC
212009294,129.79234,20.40839,13.73200,GO18011_LC|GO18023_LC|GO18039_LC|GO18052_LC|GO18062_LC|GO18068_LC
212009427,127.87446,20.41042,14.07200,GO18011_LC|GO18023_LC|GO18039_LC|GO18062_LC|GO18068_LC
212009464,129.17426,20.41109,12.52000,GO18011_LC|GO18023_LC|GO18039_LC|GO18049_LC|GO18062_LC|GO18065_LC|GO18068_LC
212009944,130.04176,20.41895,14.66900,GO18011_LC|GO18023_LC|GO18039_LC|GO18062_LC|GO18068_LC
212010154,131.35832,20.42295,14.25900,GO18011_LC|GO18023_LC|GO18039_LC|GO18062_LC|GO18068_LC
212010383,131.35829,20.42740,13.61000,GO18011_LC|GO18023_LC|GO18039_LC|GO18052_LC|GO18062_LC|GO18068_LC
212010627,129.86116,20.43120,16.53100,GO18011_LC|GO18023_LC|GO18039_LC|GO18062_LC|GO18068_LC
212011152,129.53372,20.43953,11.46600,GO18011_LC|GO18023_LC|GO18026_LC|GO18039_LC|GO18049_LC|GO18062_LC|GO18065_LC
212011328,131.25444,20.44221,11.56900,GO18003_LC|GO18011_LC|GO18023_LC|GO18039_LC|GO18049_LC|GO18050_LC|GO18062_LC|GO18065_LC
212011394,132.20827,20.44333,15.20600,GO18011_LC|GO18023_LC|GO18039_LC|GO18062_LC|GO18068_LC
212011416,128.28519,20.44372,15.13200,GO18011_LC|GO18023_LC|GO18039_LC|GO18062_LC|GO18068_LC
212011557,129.53404,20.44612,15.35000,GO18011_LC|GO18023_LC|GO18039_LC|GO18062_LC|GO18068_LC
212011680,129.58914,20.44811,14.59200,GO18011_LC|GO18023_LC|GO18039_LC|GO18062_LC|GO18068_LC
212011731,129.53046,20.44879,15.32900,GO18011_LC|GO18023_LC|GO18039_LC|GO18062_LC|GO18068_LC
212012042,131.27547,20.45372,18.06400,GO18011_LC|GO18023_LC|GO18039_LC|GO18062_LC
212012299,130.26091,20.45770,12.02000,GO18011_LC|GO18023_LC|GO18039_LC|GO18049_LC|GO18062_LC|GO18065_LC
212012721,129.82860,20.46447,15.57800,GO18011_LC|GO18023_LC|GO18039_LC|GO18052_LC|GO18062_LC|GO18068_LC
212012745,127.10273,20.46501,18.87100,GO18011_LC|GO18023_LC|GO18039_LC|GO18062_LC
212013132,130.18440,20.47185,13.54200,GO18011_LC|GO18023_LC|GO18039_LC|GO18062_LC|GO18068_LC
212013222,130.27214,20.47348,14.41200,GO18011_LC|GO18023_LC|GO18039_LC|GO18052_LC|GO18062_LC|GO18068_LC
212013297,130.19547,20.47475,15.13200,GO18011_LC|GO18023_LC|GO18039_LC|GO18052_LC|GO18062_LC|GO18068_LC|GO18052_SC
212013619,130.19914,20.47997,16.01500,GO18011_LC|GO18023_LC|GO18039_LC|GO18062_LC|GO18068_LC
212013705,128.40991,20.48127,17.47600,GO18011_LC|GO18023_LC|GO18039_LC|GO18062_LC
212014467,129.93170,20.49432,16.63100,GO18011_LC|GO18023_LC|GO18039_LC|GO18062_LC
212014492,131.44122,20.49474,15.09000,GO18011_LC|GO18023_LC|GO18039_LC|GO18062_LC|GO18068_LC
212015247,132.39125,20.50809,9.53300,GO18011_LC|GO18023_LC|GO18030_LC|GO18039_LC|GO18049_LC
212015396,130.82433,20.51040,11.55400,GO18011_LC|GO18023_LC|GO18039_LC|GO18049_LC|GO18062_LC|GO18065_LC|GO18068_LC
212015476,130.73618,20.51174,17.61800,GO18011_LC|GO18023_LC|GO18039_LC|GO18062_LC
212015504,131.26100,20.51216,14.35800,GO18011_LC|GO18023_LC|GO18039_LC|GO18062_LC|GO18068_LC
212015538,129.96936,20.51289,16.37100,GO18011_LC|GO18023_LC|GO18039_LC|GO18062_LC|GO18068_LC
212016014,130.72969,20.52068,18.08300,GO18011_LC|GO18023_LC|GO18039_LC|GO18062_LC
212016684,130.88055,20.53177,18.07400,GO18011_LC|GO18023_LC|GO18062_LC
212016785,130.40659,20.53346,18.78200,GO18011_LC|GO18023_LC|GO18039_LC|GO18062_LC
212016828,131.50816,20.53421,18.92600,GO18011_LC|GO18023_LC|GO18039_LC|GO18062_LC
212016898,129.33500,20.53553,18.62200,GO18011_LC|GO18023_LC|GO18039_LC|GO18062_LC
212016916,129.88237,20.53582,18.20200,GO18011_LC|GO18023_LC|GO18062_LC
212016988,130.90372,20.53722,15.27100,GO18011_LC|GO18023_LC|GO18039_LC|GO18062_LC|GO18068_LC
212017183,130.90353,20.54014,16.46300,GO18011_LC|GO18023_LC|GO18039_LC|GO18062_LC
212017273,129.50568,20.54153,17.22500,GO18011_LC|GO18023_LC|GO18039_LC|GO18062_LC
212017328,130.32289,20.54252,17.17500,GO18011_LC|GO18023_LC|GO18039_LC|GO18062_LC
212017484,131.32054,20.54484,17.67900,GO18011_LC|GO18023_LC|GO18062_LC
212017486,129.30255,20.54485,14.12000,GO18011_LC|GO18023_LC|GO18039_LC|GO18062_LC|GO18068_LC
212017838,128.30623,20.55039,15.57000,GO18011_LC|GO18023_LC|GO18039_LC|GO18062_LC|GO18063_LC|GO18068_LC
212018005,129.06657,20.55311,14.07600,GO18011_LC|GO18023_LC|GO18039_LC|GO18062_LC|GO18068_LC
212018214,132.26785,20.55668,17.90400,GO18011_LC|GO18023_LC|GO18062_LC
212018329,133.91304,20.55885,17.37100,GO18011_LC|GO18023_LC|GO18062_LC
212018408,129.97638,20.56022,9.43500,GO18003_LC|GO18011_LC|GO18023_LC|GO18030_LC|GO18039_LC|GO18049_LC
212018728,130.85422,20.56537,14.41500,GO18011_LC|GO18023_LC|GO18039_LC|GO18062_LC|GO18068_LC
212018862,129.76645,20.56731,16.01600,GO18011_LC|GO18023_LC|GO18039_LC|GO18062_LC|GO18068_LC
212018902,129.56247,20.56784,11.19700,GO18003_LC|GO18011_LC|GO18023_LC|GO18026_LC|GO18039_LC|GO18049_LC|GO18062_LC|GO18065_LC
212018903,130.40211,20.56785,17.29900,GO18011_LC|GO18023_LC|GO18039_LC|GO18062_LC
212018959,130.42528,20.56887,18.12800,GO18011_LC|GO18023_LC|GO18039_LC|GO18062_LC
212019252,130.70197,20.57343,12.14400,GO18011_LC|GO18023_LC|GO18026_LC|GO18039_LC|GO18049_LC|GO18062_LC|GO18065_LC|GO18068_LC
212019439,129.69211,20.57678,12.12600,GO18011_LC|GO18023_LC|GO18026_LC|GO18039_LC|GO18049_LC|GO18062_LC|GO18065_LC|GO18068_LC
212019656,129.96371,20.58055,14.87900,GO18011_LC|GO18015_LC|GO18023_LC|GO18039_LC|GO18052_LC|GO18062_LC|GO18068_LC|GO18015_SC|GO18052_SC
212020223,131.37704,20.59017,9.75600,GO18003_LC|GO18011_LC|GO18023_LC|GO18039_LC|GO18049_LC|GO18062_LC
212020360,130.68912,20.59267,18.41300,GO18011_LC|GO18023_LC|GO18039_LC|GO18062_LC
212020426,134.02900,20.59360,18.23400,GO18011_LC|GO18023_LC|GO18025_LC|GO18062_LC
212020850,130.14566,20.60106,17.29800,GO18011_LC|GO18023_LC|GO18039_LC|GO18062_LC
212021051,130.43391,20.60444,16.96900,GO18011_LC|GO18023_LC|GO18039_LC|GO18062_LC
212021131,128.30939,20.60591,17.95500,GO18011_LC|GO18023_LC|GO18039_LC|GO18062_LC
212021253,129.36859,20.60794,14.75000,GO18011_LC|GO18015_LC|GO18023_LC|GO18039_LC|GO18052_LC|GO18062_LC|GO18068_LC|GO18015_SC|GO18052_SC
212021375,129.16681,20.60992,11.60200,GO18003_LC|GO18011_LC|GO18023_LC|GO18039_LC|GO18049_LC|GO18062_LC|GO18065_LC
212021901,128.98546,20.61862,17.52800,GO18011_LC|GO18023_LC|GO18039_LC|GO18062_LC
212022052,130.47353,20.62109,18.43800,GO18011_LC|GO18023_LC|GO18039_LC|GO18062_LC
212022062,129.51033,20.62124,18.55000,GO18011_LC|GO18023_LC|GO18039_LC|GO18062_LC
212023280,130.09340,20.64087,14.16900,GO18011_LC|GO18023_LC|GO18039_LC|GO18062_LC|GO18068_LC
212023593,131.00280,20.64597,17.25700,GO18011_LC|GO18023_LC|GO18039_LC|GO18062_LC|GO18063_LC
212024154,129.88350,20.65566,11.76300,GO18011_LC|GO18023_LC|GO18026_LC|GO18039_LC|GO18049_LC|GO18062_LC|GO18065_LC|GO18068_LC
212024396,129.51927,20.65980,17.17100,GO18011_LC|GO18023_LC|GO18039_LC|GO18062_LC
212024554,129.69040,20.66220,16.81600,GO18011_LC|GO18023_LC|GO18039_LC|GO18062_LC
212024569,127.74001,20.66246,14.89400,GO18011_LC|GO18023_LC|GO18039_LC|GO18062_LC|GO18068_LC
212024672,127.79435,20.66423,18.17400,GO18011_LC|GO18023_LC|GO18039_LC|GO18062_LC
212025000,129.38774,20.66946,17.68600,GO18011_LC|GO18023_LC|GO18039_LC|GO18062_LC
212025163,130.41670,20.67220,9.64300,GO18003_LC|GO18011_LC|GO18023_LC|GO18039_LC|GO18049_LC|GO18062_LC
212025207,127.43504,20.67310,11.71600,GO18003_LC|GO18011_LC|GO18023_LC|GO18039_LC|GO18049_LC|GO18062_LC|GO18065_LC|GO18068_LC
212025597,129.08067,20.67965,18.61100,GO18011_LC|GO18023_LC|GO18039_LC|GO18062_LC
212025613,129.29960,20.67987,15.68500,GO18011_LC|GO18023_LC|GO18039_LC|GO18062_LC
212025814,129.02629,20.68332,14.60500,GO18011_LC|GO18023_LC|GO18039_LC|GO18052_LC|GO18062_LC|GO18063_LC|GO18068_LC
212025985,129.06471,20.68605,14.82100,GO18011_LC|GO18023_LC|GO18039_LC|GO18052_LC|GO18062_LC|GO18068_LC
212026140,130.60956,20.68880,18.84900,GO18011_LC|GO18023_LC|GO18062_LC
212026384,132.47507,20.69312,17.46500,GO18011_LC|GO18023_LC|GO18062_LC
212026716,132.24960,20.69876,18.21000,GO18011_LC|GO18023_LC|GO18039_LC|GO18062_LC
212026805,130.07063,20.70020,18.66400,GO18011_LC|GO18023_LC|GO18039_LC|GO18062_LC
212026921,128.31425,20.70249,12.51400,GO18011_LC|GO18023_LC|GO18039_LC|GO18062_LC|GO18065_LC|GO18068_LC
212027377,132.64699,20.71047,17.64300,GO18011_LC|GO18023_LC|GO18039_LC|GO18062_LC
212027446,130.07042,20.71174,16.91500,GO18011_LC|GO18023_LC|GO18039_LC|GO18062_LC
212027544,128.30807,20.71343,18.86800,GO18011_LC|GO18023_LC|GO18039_LC|GO18062_LC
212027750,132.31154,20.71692,13.32100,GO18011_LC|GO18023_LC|GO18039_LC|GO18049_LC|GO18062_LC|GO18068_LC
212027753,131.05135,20.71695,17.03200,GO18011_LC|GO18023_LC|GO18039_LC|GO18062_LC
212027816,127.32864,20.71799,15.61200,GO18011_LC|GO18023_LC|GO18039_LC|GO18062_LC|GO18068_LC
212027909,128.25162,20.71947,15.11100,GO18011_LC|GO18023_LC|GO18039_LC|GO18062_LC|GO18068_LC
212028430,129.59944,20.72801,14.24200,GO18011_LC|GO18023_LC|GO18039_LC|GO18062_LC|GO18068_LC
212028433,127.31235,20.72812,18.20500,GO18008_LC|GO18011_LC|GO18023_LC|GO18025_LC|GO18057_LC|GO18062_LC
212028729,129.86366,20.73309,17.44000,GO18011_LC|GO18023_LC|GO18039_LC|GO18062_LC
212029094,129.82521,20.73926,15.41600,GO18011_LC|GO18023_LC|GO18039_LC|GO18062_LC|GO18068_LC
212029226,130.30856,20.74161,15.29400,GO18011_LC|GO18023_LC|GO18039_LC|GO18062_LC|GO18068_LC
212029755,126.96982,20.74976,14.21200,GO18011_LC|GO18023_LC|GO18062_LC|GO18068_LC
212029850,131.12776,20.75139,16.77200,GO18023_LC
212029888,131.38152,20.75195,16.31400,GO18023_LC|GO18039_LC
212030244,129.83977,20.75818,11.66600,GO18011_LC|GO18023_LC|GO18039_LC|GO18049_LC|GO18062_LC|GO18065_LC
212030959,128.21208,20.77089,18.86000,GO18011_LC|GO18023_LC|GO18062_LC
212031039,128.01138,20.77242,16.53300,GO18011_LC|GO18023_LC|GO18039_LC|GO18062_LC
212031189,129.64217,20.77478,17.48800,GO18011_LC|GO18023_LC|GO18039_LC|GO18062_LC
212031366,130.33010,20.77756,12.99800,GO18011_LC|GO18023_LC|GO18039_LC|GO18049_LC|GO18062_LC|GO18065_LC|GO18068_LC
212031440,129.27979,20.77887,16.05300,GO18011_LC|GO18023_LC|GO18039_LC|GO18062_LC
212031837,129.45505,20.78523,17.44400,GO18011_LC|GO18023_LC|GO18039_LC|GO18062_LC
212031993,129.72821,20.78803,18.57500,GO18011_LC|GO18023_LC|GO18039_LC|GO18062_LC
212032123,126.27937,20.79032,12.41000,GO18023_LC|GO18039_LC|GO18049_LC|GO18062_LC|GO18065_LC|GO18068_LC
212032381,129.45767,20.79464,17.29800,GO18011_LC|GO18023_LC|GO18039_LC|GO18062_LC
212032714,129.84232,20.79956,17.60300,GO18011_LC|GO18023_LC|GO18039_LC|GO18062_LC
212033649,129.03477,20.81467,17.45600,GO18011_LC|GO18023_LC|GO18062_LC
212033679,130.31798,20.81525,18.98000,GO18011_LC|GO18023_LC|GO18039_LC|GO18062_LC
212033939,130.72112,20.81924,9.09700,GO18011_LC|GO18023_LC|GO18030_LC|GO18039_LC|GO18049_LC
212034371,128.98729,20.82632,11.56000,GO18011_LC|GO18023_LC|GO18039_LC|GO18049_LC|GO18062_LC|GO18065_LC|GO18068_LC
212034597,131.07608,20.83012,16.78100,GO18011_LC|GO18023_LC|GO18039_LC|GO18062_LC
212035051,129.01353,20.83770,18.01200,GO18011_LC|GO18023_LC|GO18039_LC|GO18062_LC
212035340,129.32637,20.84304,17.38200,GO18008_LC|GO18011_LC|GO18023_LC|GO18025_LC|GO18057_LC|GO18062_LC
212035441,128.13518,20.84473,16.57200,GO18011_LC|GO18023_LC|GO18039_LC|GO18062_LC
212036187,129.73582,20.85774,17.48100,GO18011_LC|GO18023_LC|GO18039_LC|GO18062_LC
212038642,127.80462,20.90011,16.05800,GO18011_LC|GO18023_LC|GO18039_LC|GO18062_LC
212064701,133.01439,21.36027,12.27900,GO18011_LC|GO18023_LC|GO18039_LC|GO18049_LC|GO18062_LC|GO18065_LC|GO18068_LC
212066424,130.75229,21.39115,17.49800,GO18011_LC|GO18023_LC|GO18039_LC|GO18062_LC
212066519,130.12802,21.39255,16.93700,GO18011_LC|GO18023_LC|GO18062_LC
212067143,131.13420,21.40377,14.11300,GO18023_LC|GO18039_LC|GO18062_LC|GO18068_LC
212068150,128.00304,21.42230,17.34100,GO18011_LC|GO18023_LC|GO18039_LC|GO18062_LC
212068777,132.05469,21.43345,18.70200,GO18011_LC|GO18023_LC|GO18039_LC|GO18062_LC
212068782,129.59540,21.43349,18.63200,GO18011_LC|GO18023_LC|GO18039_LC|GO18062_LC
212069197,129.58635,21.44062,18.04500,GO18011_LC|GO18023_LC|GO18062_LC
212069223,128.44571,21.44101,14.08900,GO18011_LC|GO18023_LC|GO18039_LC|GO18062_LC|GO18068_LC
212069325,132.04814,21.44310,18.72200,GO18011_LC|GO18023_LC|GO18062_LC
212069380,127.87446,21.44412,18.71000,GO18011_LC|GO18023_LC|GO18039_LC|GO18062_LC
212069781,130.82304,21.45184,17.05100,GO18011_LC|GO18023_LC|GO18062_LC
212070152,126.55775,21.45877,18.47600,GO18023_LC|GO18062_LC
212070886,131.26600,21.47171,18.58300,GO18011_LC|GO18023_LC|GO18039_LC|GO18062_LC
212071850,127.96308,21.48964,17.20700,GO18023_LC|GO18039_LC
212072257,130.20221,21.49709,14.95900,GO18023_LC|GO18068_LC
212072268,130.43092,21.49734,18.47900,GO18011_LC|GO18023_LC|GO18039_LC|GO18062_LC
212072324,129.57014,21.49825,15.58000,GO18023_LC|GO18068_LC
212073085,127.79607,21.51275,18.91300,GO18011_LC|GO18023_LC|GO18062_LC
212073843,133.17853,21.52702,18.82500,GO18023_LC|GO18062_LC
212074153,131.45285,21.53237,16.50700,GO18011_LC|GO18023_LC|GO18039_LC|GO18062_LC
212074749,132.10947,21.54328,18.01300,GO18011_LC|GO18023_LC|GO18062_LC
212074908,129.61746,21.54612,12.82900,GO18011_LC|GO18023_LC|GO18039_LC|GO18049_LC|GO18052_LC|GO18062_LC|GO18065_LC|GO18068_LC
212075509,132.26042,21.55673,15.67800,GO18011_LC|GO18023_LC|GO18039_LC|GO18062_LC
212075775,130.15099,21.56172,11.45300,GO18011_LC|GO18023_LC|GO18026_LC|GO18039_LC|GO18049_LC|GO18062_LC|GO18065_LC
212075988,129.24095,21.56550,13.80500,GO18011_LC|GO18023_LC|GO18039_LC|GO18052_LC|GO18062_LC|GO18068_LC|GO18052_SC
212076029,126.75333,21.56632,18.69100,GO18023_LC|GO18039_LC|GO18062_LC
212076402,130.35843,21.57370,18.31300,GO18011_LC|GO18023_LC|GO18039_LC|GO18062_LC
212077095,132.31882,21.58676,14.72400,GO18011_LC|GO18023_LC|GO18039_LC|GO18062_LC|GO18068_LC
212077235,127.79353,21.58956,13.69400,GO18011_LC|GO18023_LC|GO18039_LC|GO18062_LC|GO18068_LC
212078299,131.53831,21.60803,17.44800,GO18011_LC|GO18023_LC|GO18039_LC|GO18062_LC|GO18063_LC|GO18064_LC
212078515,127.70216,21.61259,17.51700,GO18011_LC|GO18023_LC|GO18039_LC|GO18062_LC
212078811,131.22447,21.61848,15.19400,GO18011_LC|GO18023_LC|GO18039_LC|GO18062_LC|GO18063_LC|GO18068_LC
212080003,128.23619,21.64157,17.90300,GO18023_LC|GO18039_LC
212080115,130.04636,21.64322,18.17200,GO18011_LC|GO18023_LC|GO18025_LC|GO18039_LC|GO18062_LC
212080687,131.36644,21.65358,10.33900,GO18003_LC|GO18011_LC|GO18023_LC|GO18039_LC|GO18049_LC|GO18062_LC|GO18065_LC
212081702,130.84404,21.67170,10.33500,GO18003_LC|GO18011_LC|GO18023_LC|GO18039_LC|GO18049_LC|GO18062_LC
212082288,131.13580,21.68315,15.63900,GO18011_LC|GO18023_LC|GO18039_LC|GO18062_LC|GO18068_LC
212082787,129.50723,21.69258,19.23100,GO18011_LC|GO18023_LC|GO18062_LC
212083165,133.69064,21.69944,17.46000,GO18011_LC|GO18023_LC|GO18039_LC|GO18062_LC|GO18063_LC
212084014,127.32940,21.71556,17.18800,GO18011_LC|GO18023_LC|GO18062_LC
212085055,133.57019,21.73450,12.80000,GO18023_LC|GO18039_LC|GO18062_LC|GO18065_LC|GO18068_LC
212085291,129.89885,21.73929,17.82700,GO18011_LC|GO18023_LC|GO18039_LC|GO18062_LC
212085465,131.14091,21.74231,17.88300,GO18008_LC|GO18023_LC|GO18025_LC|GO18057_LC|GO18062_LC
212085656,130.58423,21.74554,19.07500,GO18011_LC|GO18023_LC|GO18039_LC|GO18062_LC
212086091,130.76207,21.75380,17.59900,GO18011_LC|GO18023_LC|GO18039_LC|GO18062_LC
212086248,130.22517,21.75671,17.73900,GO18011_LC|GO18023_LC|GO18062_LC
212086391,129.69950,21.75929,17.88600,GO18011_LC|GO18023_LC|GO18039_LC|GO18062_LC|GO18063_LC
212086697,131.16870,21.76494,15.59100,GO18011_LC|GO18023_LC|GO18039_LC|GO18062_LC|GO18068_LC
212086828,128.22400,21.76702,19.24300,GO18011_LC|GO18023_LC|GO18062_LC
212087322,128.13974,21.77580,16.55800,GO18011_LC|GO18023_LC|GO18062_LC
212087835,132.79378,21.78494,17.83100,GO18023_LC|GO18062_LC
212088298,131.04555,21.79400,15.91100,GO18011_LC|GO18023_LC|GO18039_LC|GO18062_LC
212088355,127.14562,21.79511,12.61800,GO18011_LC|GO18023_LC|GO18039_LC|GO18049_LC|GO18062_LC|GO18065_LC|GO18068_LC
212088614,131.36682,21.80081,16.48700,GO18011_LC|GO18023_LC|GO18039_LC|GO18062_LC
212088645,127.99506,21.80129,18.25500,GO18011_LC|GO18023_LC|GO18062_LC
212088961,129.40535,21.80687,17.68700,GO18011_LC|GO18023_LC|GO18062_LC
212089180,129.76405,21.81124,19.54200,GO18011_LC|GO18023_LC|GO18062_LC
212089563,133.62007,21.81838,17.44800,GO18011_LC|GO18023_LC|GO18039_LC|GO18062_LC
212090446,127.61964,21.83617,18.37900,GO18011_LC|GO18023_LC|GO18062_LC
212091947,129.90494,21.86568,18.64900,GO18011_LC|GO18023_LC|GO18062_LC
212092636,134.52167,21.87952,16.79600,GO18011_LC|GO18023_LC|GO18039_LC|GO18062_LC
212093196,132.86583,21.89070,17.91600,GO18023_LC|GO18062_LC
212094510,130.33705,21.91501,15.54700,GO18023_LC|GO18068_LC
212094548,130.28113,21.91574,18.70800,GO18011_LC|GO18023_LC|GO18039_LC|GO18062_LC
212095866,129.73401,21.94086,18.64600,GO18011_LC|GO18023_LC|GO18039_LC|GO18062_LC
212097968,129.11888,21.98104,17.01200,GO18011_LC|GO18023_LC|GO18039_LC|GO18062_LC|GO18063_LC
212099156,129.11206,22.00467,15.83300,GO18011_LC|GO18023_LC|GO18062_LC
212099830,129.10754,22.01809,18.11500,GO18011_LC|GO18023_LC|GO18062_LC
212100413,130.81323,22.02972,18.06200,GO18011_LC|GO18023_LC|GO18039_LC|GO18062_LC
212100566,132.33904,22.03249,17.22300,GO18011_LC|GO18023_LC|GO18039_LC|GO18062_LC
212100611,129.34349,22.03344,16.32800,GO18011_LC|GO18023_LC|GO18039_LC|GO18062_LC|GO18068_LC
212102649,130.43362,22.07150,18.48000,GO18011_LC|GO18023_LC|GO18062_LC
212103507,129.83880,22.08909,16.99200,GO18011_LC|GO18023_LC|GO18039_LC|GO18062_LC
212103716,127.35677,22.09281,14.56100,GO18023_LC|GO18062_LC|GO18068_LC
212103723,128.34142,22.09291,18.78500,GO18011_LC|GO18023_LC|GO18039_LC|GO18062_LC
212103962,125.89615,22.09751,11.78100,GO18003_LC|GO18023_LC|GO18062_LC|GO18065_LC|GO18068_LC
212104191,126.99221,22.10207,9.49100,GO18011_LC|GO18023_LC|GO18030_LC|GO18032_LC|GO18049_LC|GO18062_LC
212105502,130.29268,22.12925,18.53100,GO18011_LC|GO18023_LC|GO18039_LC|GO18062_LC
212106559,126.87892,22.15009,16.92500,GO18011_LC|GO18023_LC|GO18039_LC|GO18062_LC
212108286,130.53275,22.18477,16.95800,GO18011_LC|GO18023_LC|GO18039_LC|GO18062_LC|GO18063_LC
212109256,132.29572,22.20368,16.99500,GO18011_LC|GO18023_LC|GO18062_LC
212109351,128.24202,22.20566,16.61200,GO18011_LC|GO18023_LC|GO18039_LC|GO18062_LC|GO18063_LC
212110857,132.82027,22.23519,17.75000,GO18011_LC|GO18023_LC|GO18039_LC|GO18062_LC
212111573,129.23308,22.24981,18.43200,GO18011_LC|GO18023_LC|GO18039_LC|GO18062_LC
212111862,126.50511,22.25556,16.47000,GO18011_LC|GO18023_LC|GO18039_LC|GO18062_LC
212112321,130.29845,22.26438,15.33400,GO18011_LC|GO18023_LC|GO18039_LC|GO18062_LC|GO18068_LC
212112533,129.20598,22.26840,18.44500,GO18011_LC|GO18023_LC|GO18039_LC|GO18062_LC
212112578,130.91167,22.26921,12.28500,GO18011_LC|GO18023_LC|GO18039_LC|GO18049_LC|GO18062_LC|GO18065_LC
212112631,129.15923,22.27034,17.83800,GO18011_LC|GO18023_LC|GO18062_LC
212112632,130.43161,22.27034,19.10800,GO18011_LC|GO18023_LC|GO18062_LC
212112752,132.34200,22.27277,16.08000,GO18011_LC|GO18023_LC|GO18039_LC|GO18062_LC|GO18068_LC
212113749,129.47473,22.29312,16.36200,GO18011_LC|GO18023_LC|GO18039_LC|GO18062_LC
212116012,131.24931,22.33692,17.73800,GO18011_LC|GO18023_LC|GO18062_LC
212117869,129.63596,22.37429,17.35300,GO18011_LC|GO18023_LC|GO18062_LC
212118855,132.18936,22.39368,17.98300,GO18011_LC|GO18023_LC|GO18062_LC
212119822,130.40248,22.41284,16.10600,GO18011_LC|GO18023_LC|GO18039_LC|GO18062_LC|GO18063_LC|GO18068_LC
212120476,132.20981,22.42555,13.50300,GO18011_LC|GO18023_LC|GO18039_LC|GO18049_LC|GO18062_LC|GO18068_LC
212121618,128.05045,22.44813,19.04000,GO18023_LC|GO18062_LC
212122422,126.11015,22.46321,17.05700,GO18023_LC|GO18062_LC
212123277,130.24489,22.48055,17.73000,GO18008_LC|GO18011_LC|GO18023_LC|GO18025_LC|GO18039_LC|GO18057_LC|GO18062_LC
212123874,133.97453,22.49361,17.90100,GO18023_LC|GO18039_LC|GO18062_LC|GO18063_LC
212127087,132.06154,22.55905,15.13300,GO18011_LC|GO18023_LC|GO18039_LC|GO18062_LC|GO18068_LC
212128175,133.93562,22.58143,14.38200,GO18023_LC|GO18062_LC|GO18068_LC
212129124,131.10649,22.59977,16.01500,GO18011_LC|GO18023_LC|GO18039_LC|GO18062_LC
212129540,132.10847,22.60869,17.48300,GO18011_LC|GO18023_LC|GO18039_LC|GO18062_LC
212132566,126.61904,22.67055,17.13300,GO18023_LC|GO18062_LC
212132877,129.63954,22.67639,16.86600,GO18011_LC|GO18023_LC|GO18039_LC|GO18062_LC
212133159,129.48866,22.68206,17.13600,GO18011_LC|GO18023_LC|GO18039_LC|GO18062_LC|GO18063_LC
212133190,131.27250,22.68253,18.88800,GO18011_LC|GO18023_LC|GO18062_LC
212136619,131.07312,22.75114,16.08400,GO18011_LC|GO18023_LC|GO18039_LC|GO18062_LC|GO18068_LC
212137243,130.59146,22.76450,15.07300,GO18011_LC|GO18023_LC|GO18062_LC|GO18068_LC
212137502,128.97908,22.76980,12.12800,GO18023_LC|GO18039_LC|GO18062_LC|GO18065_LC|GO18068_LC
212138965,130.39098,22.79880,16.96500,GO18011_LC|GO18023_LC|GO18039_LC|GO18062_LC|GO18063_LC
212140975,132.59229,22.84087,12.63800,GO18011_LC|GO18023_LC|GO18039_LC|GO18049_LC|GO18062_LC|GO18065_LC|GO18068_LC
212142153,129.38150,22.86654,15.18500,GO18011_LC|GO18023_LC|GO18039_LC|GO18062_LC|GO18068_LC
212146111,130.66680,22.94964,17.43400,GO18023_LC|GO18062_LC
212147595,126.47657,22.98119,14.14800,GO18011_LC|GO18023_LC|GO18039_LC|GO18062_LC|GO18068_LC
212148248,131.54294,22.99579,18.62100,GO18011_LC|GO18023_LC|GO18039_LC|GO18062_LC
212148559,125.88917,23.00221,17.22300,GO18023_LC|GO18039_LC|GO18062_LC
212151443,131.53795,23.06321,13.41100,GO18023_LC|GO18049_LC|GO18062_LC|GO18068_LC
212152808,129.89943,23.09478,17.52900,GO18023_LC|GO18039_LC|GO18062_LC|GO18063_LC|GO18064_LC
212154066,130.24100,23.12138,18.67800,GO18011_LC|GO18023_LC|GO18039_LC|GO18062_LC
212155860,128.31567,23.16205,17.97400,GO18011_LC|GO18023_LC|GO18039_LC|GO18062_LC
212158768,127.55057,23.22694,12.19100,GO18011_LC|GO18023_LC|GO18039_LC|GO18049_LC|GO18062_LC|GO18065_LC|GO18068_LC
212161536,130.01463,23.28816,16.61300,GO18011_LC|GO18023_LC|GO18039_LC|GO18062_LC
212163442,132.23440,23.33238,14.13500,GO18023_LC|GO18062_LC|GO18068_LC
212165910,128.15240,23.39075,16.41900,GO18023_LC|GO18062_LC
212167519,126.67333,23.42921,16.39000,GO18023_LC|GO18062_LC
212168580,126.84930,23.45282,18.26900,GO18023_LC|GO18039_LC|GO18062_LC
212171351,128.35954,23.52008,16.09700,GO18011_LC|GO18023_LC|GO18039_LC|GO18062_LC|GO18068_LC
212172562,126.90325,23.54863,19.22500,GO18023_LC|GO18062_LC
212173061,127.53674,23.56014,11.93800,GO18023_LC|GO18039_LC|GO18062_LC|GO18068_LC
